time,q1,q2,q3,q4,q5,q6,q1_dot,q2_dot,q3_dot,q4_dot,q5_dot,q6_dot,q1_ddot,q2_ddot,q3_ddot,q4_ddot,q5_ddot,q6_ddot,tau1,tau2,tau3,tau4,tau5,tau6
0.000000000000000000e+00,0.000000000000000000e+00,-1.570796326794896558e+00,1.570796326794896558e+00,-1.570796326794896558e+00,-1.570796326794896558e+00,0.000000000000000000e+00,0.000000000000000000e+00,0.000000000000000000e+00,0.000000000000000000e+00,-0.000000000000000000e+00,0.000000000000000000e+00,0.000000000000000000e+00,0.000000000000000000e+00,0.000000000000000000e+00,0.000000000000000000e+00,-0.000000000000000000e+00,0.000000000000000000e+00,0.000000000000000000e+00,0.000000000000000000e+00,-1.749240719988165438e+01,-1.749240719988165438e+01,-1.633364999520381167e+00,7.105427357601000825e-10,0.000000000000000000e+00
3.200000000000000067e-02,2.039159568398015460e-06,-1.570794967355184202e+00,1.570796326794896558e+00,-1.570797686234608914e+00,-1.570796326794896558e+00,1.359439712265343569e-06,1.905567097195889350e-04,1.270378064797259747e-04,0.000000000000000000e+00,-1.270378064797259205e-04,0.000000000000000000e+00,1.270378064797259476e-04,1.183308070621843545e-02,7.888720470812292038e-03,0.000000000000000000e+00,-7.888720470812288568e-03,0.000000000000000000e+00,7.888720470812290303e-03,7.215205232124364577e-03,-1.748150140963709021e+01,-1.748775387827905092e+01,-1.632895910293264530e+00,1.508744932799717527e-04,3.213122632191989189e-20
6.400000000000000133e-02,1.615636938497766229e-05,-1.570785555881973217e+00,1.570796326794896558e+00,-1.570807097707819899e+00,-1.570796326794896558e+00,1.077091292331844209e-05,7.524391158247238729e-04,5.016260772164826904e-04,0.000000000000000000e+00,-5.016260772164824735e-04,0.000000000000000000e+00,5.016260772164825819e-04,2.320884428369412653e-02,1.547256285579608724e-02,0.000000000000000000e+00,-1.547256285579608030e-02,0.000000000000000000e+00,1.547256285579608377e-02,1.415245251155364432e-02,-1.747135226045121215e+01,-1.748328017057763617e+01,-1.632444913540453735e+00,2.959260435190436871e-04,-5.081978125326458885e-19
9.600000000000000200e-02,5.400091734198798015e-05,-1.570760326183335165e+00,1.570796326794896558e+00,-1.570832327406457951e+00,-1.570796326794896558e+00,3.600061156132531784e-05,1.671107943116997927e-03,1.114071962077998763e-03,0.000000000000000000e+00,-1.114071962077998329e-03,0.000000000000000000e+00,1.114071962077998546e-03,3.413322029001207569e-02,2.275548019334138611e-02,0.000000000000000000e+00,-2.275548019334137917e-02,0.000000000000000000e+00,2.275548019334138264e-02,2.081751595002805447e-02,-1.746227586953033395e+01,-1.747898319925420552e+01,-1.632011687870537520e+00,4.352495473309607389e-04,5.832562789473472989e-19
1.280000000000000027e-01,1.267598704588124487e-04,-1.570711820214590659e+00,1.570796326794896558e+00,-1.570880833375202457e+00,-1.570796326794896558e+00,8.450658030587496130e-05,2.932213662240720949e-03,1.954809108160480632e-03,0.000000000000000000e+00,-1.954809108160479765e-03,0.000000000000000000e+00,1.954809108160480199e-03,4.461213828275727850e-02,2.974142552183819260e-02,0.000000000000000000e+00,-2.974142552183817872e-02,0.000000000000000000e+00,2.974142552183818566e-02,2.721737701149279723e-02,-1.745457601823122573e+01,-1.747485975912071510e+01,-1.631595863151491743e+00,5.689507085331563328e-04,2.091890676884889132e-17
1.600000000000000033e-01,2.451641467489360546e-04,-1.570632884030397358e+00,1.570796326794896558e+00,-1.570959769559395758e+00,-1.570796326794896558e+00,1.634427644992906940e-04,4.521596489682926275e-03,3.014397659788618095e-03,0.000000000000000000e+00,-3.014397659788616794e-03,0.000000000000000000e+00,3.014397659788617661e-03,5.465152781951471139e-02,3.643435187967648120e-02,0.000000000000000000e+00,-3.643435187967646732e-02,0.000000000000000000e+00,3.643435187967647426e-02,3.336003944657960768e-02,-1.744854424313120589e+01,-1.747090634539521403e+01,-1.631197024414143382e+00,6.971436729205462198e-04,1.300671539197331179e-16
1.920000000000000040e-01,4.194945870869125240e-04,-1.570516663736838625e+00,1.570796326794896558e+00,-1.571075989852954491e+00,-1.570796326794896558e+00,2.796630580579416827e-04,6.425286387773367774e-03,4.283524258515579095e-03,0.000000000000000000e+00,-4.283524258515577360e-03,0.000000000000000000e+00,4.283524258515578227e-03,6.425731845786940288e-02,4.283821230524628015e-02,0.000000000000000000e+00,-4.283821230524625934e-02,0.000000000000000000e+00,4.283821230524626628e-02,3.925435667396354883e-02,-1.744445991398795215e+01,-1.746711916447532431e+01,-1.630814729513011319e+00,8.199530210469039128e-04,-1.228626213468168379e-17
2.240000000000000047e-01,6.595880270753304905e-04,-1.570356601443513078e+00,1.570796326794896558e+00,-1.571236052146280038e+00,-1.570796326794896558e+00,4.397253513835536784e-04,8.629503064684511393e-03,5.753002043123008752e-03,0.000000000000000000e+00,-5.753002043123006150e-03,0.000000000000000000e+00,5.753002043123007017e-03,7.343543975540631208e-02,4.895695983693755526e-02,0.000000000000000000e+00,-4.895695983693753445e-02,0.000000000000000000e+00,4.895695983693754139e-02,4.490987133497832684e-02,-1.744259031912778823e+01,-1.746349413670463235e+01,-1.630448500769868359e+00,9.375051934902146715e-04,-3.562348699487524235e-16
2.560000000000000053e-01,9.748433689117823927e-04,-1.570146431215622140e+00,1.570796326794896558e+00,-1.571446222374170976e+00,-1.570796326794896558e+00,6.498955792745215228e-04,1.112065597443155467e-02,7.413770649621037601e-03,0.000000000000000000e+00,-7.413770649621034131e-03,0.000000000000000000e+00,7.413770649621035866e-03,8.219182126971046054e-02,5.479454751314031397e-02,0.000000000000000000e+00,-5.479454751314028621e-02,0.000000000000000000e+00,5.479454751314030009e-02,5.033666668058654758e-02,-1.744319073969112210e+01,-1.746002689262756746e+01,-1.630097845326522688e+00,1.049934214145225838e-03,-1.551943682034625124e-16
2.880000000000000338e-01,1.374227653255829205e-03,-1.569880175026059366e+00,1.570796326794896558e+00,-1.571712478563733750e+00,-1.570796326794896558e+00,9.161517688372193980e-04,1.388534431687240937e-02,9.256896211248274650e-03,0.000000000000000000e+00,-9.256896211248271181e-03,0.000000000000000000e+00,9.256896211248272915e-03,9.053239255836684207e-02,6.035492837224456369e-02,0.000000000000000000e+00,-6.035492837224454288e-02,0.000000000000000000e+00,6.035492837224455676e-02,5.554522939362675077e-02,-1.744650454103413040e+01,-1.745671277348267836e+01,-1.629762249508866834e+00,1.157376839656401373e-03,-2.842142009443646384e-16
3.200000000000000067e-01,1.866282131095968423e-03,-1.569552138707499322e+00,1.570796326794896558e+00,-1.572040514882293794e+00,-1.570796326794896558e+00,1.244188087397312282e-03,1.691035703770769200e-02,1.127357135847179524e-02,0.000000000000000000e+00,-1.127357135847179177e-02,0.000000000000000000e+00,1.127357135847179351e-02,9.846308317896040885e-02,6.564205545264027719e-02,0.000000000000000000e+00,-6.564205545264024944e-02,0.000000000000000000e+00,6.564205545264026331e-02,6.054632340344437424e-02,-1.745276324561565318e+01,-1.745354679624947991e+01,-1.629441191268881761e+00,1.259972053963289394e-03,-3.740766377145580082e-16
3.519999999999999796e-01,2.459128335616601879e-03,-1.569156907904485587e+00,1.570796326794896558e+00,-1.572435745685307529e+00,-1.570796326794896558e+00,1.639418890411067703e-03,2.018267282848077229e-02,1.345511521898718268e-02,0.000000000000000000e+00,-1.345511521898717748e-02,0.000000000000000000e+00,1.345511521898717922e-02,1.059898226890761685e-01,7.065988179271745495e-02,0.000000000000000000e+00,-7.065988179271742720e-02,0.000000000000000000e+00,7.065988179271744107e-02,6.535087421359955795e-02,-1.746218661420874696e+01,-1.745052365584021814e+01,-1.629134145137617340e+00,1.357859932147570826e-03,6.115203115705142531e-16
3.840000000000000080e-01,3.160474154065004600e-03,-1.568689344025519850e+00,1.570796326794896558e+00,-1.572903309564273266e+00,-1.570796326794896558e+00,2.106982769376669444e-03,2.368946012657771605e-02,1.579297341771847968e-02,0.000000000000000000e+00,-1.579297341771847274e-02,0.000000000000000000e+00,1.579297341771847621e-02,1.131185406462992121e-01,7.541236043086615992e-02,0.000000000000000000e+00,-7.541236043086611829e-02,0.000000000000000000e+00,7.541236043086613217e-02,6.996986323601506186e-02,-1.747498273455136086e+01,-1.744763768569023199e+01,-1.628840581121967723e+00,1.451180582330651629e-03,1.540991021287020683e-15
4.160000000000000364e-01,3.977619899618284327e-03,-1.568144580195151017e+00,1.570796326794896558e+00,-1.573448073394642099e+00,-1.570796326794896558e+00,2.651746599745522740e-03,2.741807711522731283e-02,1.827871807681821087e-02,0.000000000000000000e+00,-1.827871807681820393e-02,0.000000000000000000e+00,1.827871807681820740e-02,1.198551666082144224e-01,7.990344440547629545e-02,0.000000000000000000e+00,-7.990344440547625382e-02,0.000000000000000000e+00,7.990344440547626770e-02,7.441423160503611578e-02,-1.749134810872518742e+01,-1.744488284295692537e+01,-1.628559971767991055e+00,1.540073164158448863e-03,2.937619305401803564e-16
4.480000000000000093e-01,4.917464383250354058e-03,-1.567518017206062986e+00,1.570796326794896558e+00,-1.574074636383730130e+00,-1.570796326794896558e+00,3.278309588833569228e-03,3.135607172350104999e-02,2.090404781566736897e-02,0.000000000000000000e+00,-2.090404781566736203e-02,0.000000000000000000e+00,2.090404781566736550e-02,1.262056301324068486e-01,8.413708675493790368e-02,0.000000000000000000e+00,-8.413708675493786204e-02,0.000000000000000000e+00,8.413708675493788980e-02,7.869479293406193843e-02,-1.751146773764931552e+01,-1.744225267369492016e+01,-1.628291802427768165e+00,1.624674982545494398e-03,1.311566972640489110e-15
4.799999999999999822e-01,5.986510985598905016e-03,-1.566805319471163971e+00,1.570796326794896558e+00,-1.574787334118629145e+00,-1.570796326794896558e+00,3.991007323732603633e-03,3.549118162631320628e-02,2.366078775087547548e-02,0.000000000000000000e+00,-2.366078775087546507e-02,0.000000000000000000e+00,2.366078775087546854e-02,1.321758607764614291e-01,8.811724051764097121e-02,0.000000000000000000e+00,-8.811724051764092958e-02,0.000000000000000000e+00,8.811724051764094345e-02,8.282215447177221357e-02,-1.753551521883637321e+01,-1.743974029295891626e+01,-1.628035564135085878e+00,1.705120655418244056e-03,-7.846782579445776311e-16
5.120000000000000107e-01,7.190873728832362054e-03,-1.566002410975674941e+00,1.570796326794896558e+00,-1.575590242614118175e+00,-1.570796326794896558e+00,4.793915819221574413e-03,3.981133424442068885e-02,2.654088949628046618e-02,0.000000000000000000e+00,-2.654088949628045230e-02,0.000000000000000000e+00,2.654088949628045924e-02,1.377717880979632270e-01,9.184785873197549855e-02,0.000000000000000000e+00,-9.184785873197547079e-02,0.000000000000000000e+00,9.184785873197548467e-02,8.680664611664473673e-02,-1.756365283873978456e+01,-1.743733834799243709e+01,-1.627790763917553951e+00,1.781541354290464355e-03,1.628229821567992262e-15
5.440000000000000391e-01,8.536283348516854677e-03,-1.565105471229218725e+00,1.570796326794896558e+00,-1.576487182360574391e+00,-1.570796326794896558e+00,5.690855565677902829e-03,4.430464674442319978e-02,2.953643116294880216e-02,0.000000000000000000e+00,-2.953643116294879176e-02,0.000000000000000000e+00,2.953643116294879523e-02,1.429993416544971807e-01,9.533289443633145843e-02,0.000000000000000000e+00,-9.533289443633143068e-02,0.000000000000000000e+00,9.533289443633144455e-02,9.065825675681363216e-02,-1.759603167157814596e+01,-1.743503899305778759e+01,-1.627556923422895041e+00,1.854064116625599905e-03,3.907185059822675008e-16
5.760000000000000675e-01,1.002809336548319240e-02,-1.564110931217907785e+00,1.570796326794896558e+00,-1.577481722371885331e+00,-1.570796326794896558e+00,6.685395576988794643e-03,4.895942603876310417e-02,3.263961735917540741e-02,0.000000000000000000e+00,-3.263961735917539353e-02,0.000000000000000000e+00,3.263961735917540047e-02,1.478644510036483395e-01,9.857630066909892075e-02,0.000000000000000000e+00,-9.857630066909887911e-02,0.000000000000000000e+00,9.857630066909889299e-02,9.438657741362112275e-02,-1.763279169012913528e+01,-1.743283386893140019e+01,-1.627333585765669222e+00,1.922811228709080719e-03,-1.337339951623552029e-15
6.079999999999999849e-01,1.167128615769381060e-02,-1.563015469356433984e+00,1.570796326794896558e+00,-1.578577184233359132e+00,-1.570796326794896558e+00,7.780857438462539244e-03,5.376416878572551350e-02,3.584277919048368261e-02,0.000000000000000000e+00,-3.584277919048366873e-02,0.000000000000000000e+00,3.584277919048367567e-02,1.523730457030016694e-01,1.015820304686678027e-01,0.000000000000000000e+00,-1.015820304686677611e-01,0.000000000000000000e+00,1.015820304686677750e-01,9.800075068627379926e-02,-1.767406185846664002e+01,-1.743071406658475553e+01,-1.627120314971780113e+00,1.987899678302342248e-03,2.949392804901307068e-15
6.400000000000000133e-01,1.347047903210977018e-02,-1.561816007440156806e+00,1.570796326794896558e+00,-1.579776646149636310e+00,-1.570796326794896558e+00,8.980319354739845633e-03,5.870756138943826474e-02,3.913837425962551214e-02,0.000000000000000000e+00,-3.913837425962549826e-02,0.000000000000000000e+00,3.913837425962550520e-02,1.565310553101421642e-01,1.043540368734281326e-01,0.000000000000000000e+00,-1.043540368734280910e-01,0.000000000000000000e+00,1.043540368734281049e-01,1.015094260152414052e-01,-1.771996025762520688e+01,-1.742867011354561768e+01,-1.626916698690309637e+00,2.049440674857380511e-03,-1.310887820144720523e-14
6.720000000000000417e-01,1.542993029655770169e-02,-1.560509706597191348e+00,1.570796326794896558e+00,-1.581082946992601768e+00,-1.570796326794896558e+00,1.028662019770513331e-02,6.377847999987192040e-02,4.251898666658128489e-02,0.000000000000000000e+00,-4.251898666658126408e-02,0.000000000000000000e+00,4.251898666658127796e-02,1.603444093826548733e-01,1.068962729217699248e-01,0.000000000000000000e+00,-1.068962729217698832e-01,0.000000000000000000e+00,1.068962729217698970e-01,1.049207203065815747e-01,-1.777059419002360841e+01,-1.742669194255414311e+01,-1.626722349919319965e+00,2.107539237506676939e-03,7.595782331524245833e-15
7.039999999999999591e-01,1.755354533159674338e-02,-1.559093963240498759e+00,1.570796326794896558e+00,-1.582498690349294357e+00,-1.570796326794896558e+00,1.170236355439782834e-02,6.896599051283969217e-02,4.597732700855980403e-02,0.000000000000000000e+00,-4.597732700855978322e-02,0.000000000000000000e+00,4.597732700855979016e-02,1.638190374781246517e-01,1.092126916520831242e-01,0.000000000000000000e+00,-1.092126916520830826e-01,0.000000000000000000e+00,1.092126916520830965e-01,1.082421834923767284e-01,-1.782606030867952640e+01,-1.742476888668297264e+01,-1.626536908465049169e+00,2.162293847949199599e-03,1.853197503921707956e-14
7.359999999999999876e-01,1.984488266238561283e-02,-1.557566405019972899e+00,1.570796326794896558e+00,-1.584026248569820217e+00,-1.570796326794896558e+00,1.322992177492374188e-02,7.425934856999767686e-02,4.950623237999846049e-02,0.000000000000000000e+00,-4.950623237999843967e-02,0.000000000000000000e+00,4.950623237999845355e-02,1.669608691541366596e-01,1.113072461027577870e-01,0.000000000000000000e+00,-1.113072461027577315e-01,0.000000000000000000e+00,1.113072461027577592e-01,1.114807686230579187e-01,-1.788644472630848270e+01,-1.742288965271438173e+01,-1.626360041436057946e+00,2.213796167627132740e-03,8.597258941978829764e-15
7.680000000000000160e-01,2.230716003054943053e-02,-1.555924886774530336e+00,1.570796326794896558e+00,-1.585667766815262780e+00,-1.570796326794896558e+00,1.487144002036628644e-02,7.964799955884450944e-02,5.309866637256301092e-02,0.000000000000000000e+00,-5.309866637256299010e-02,0.000000000000000000e+00,5.309866637256299704e-02,1.697758339682757800e-01,1.131838893121838718e-01,0.000000000000000000e+00,-1.131838893121838302e-01,0.000000000000000000e+00,1.131838893121838441e-01,1.146428061326711656e-01,-1.795182316031535308e+01,-1.742104231195463981e+01,-1.626191447754750552e+00,2.262130106953108045e-03,2.326268756570962593e-14
8.000000000000000444e-01,2.494326046604680019e-02,-1.554167486484198779e+00,1.570796326794896558e+00,-1.587425167105594337e+00,-1.570796326794896558e+00,1.662884031069786564e-02,8.512157861272159898e-02,5.674771907514774422e-02,0.000000000000000000e+00,-5.674771907514771646e-02,0.000000000000000000e+00,5.674771907514773034e-02,1.722698614781270066e-01,1.148465743187513516e-01,0.000000000000000000e+00,-1.148465743187513100e-01,0.000000000000000000e+00,1.148465743187513238e-01,1.177339819411904187e-01,-1.802226105245419774e+01,-1.741921430147987238e+01,-1.626030851774917796e+00,2.307375218524114133e-03,9.657413690791098315e-15
8.320000000000000728e-01,2.775573835903672251e-02,-1.552292501222205301e+00,1.570796326794896558e+00,-1.589300152367587593e+00,-1.570796326794896558e+00,1.850382557269114603e-02,9.066991061081312864e-02,6.044660707387543297e-02,0.000000000000000000e+00,-6.044660707387540521e-02,0.000000000000000000e+00,6.044660707387541909e-02,1.744488812412754442e-01,1.162992541608503239e-01,0.000000000000000000e+00,-1.162992541608502683e-01,0.000000000000000000e+00,1.162992541608502961e-01,1.207593190973583613e-01,-1.809781370711597148e+01,-1.741739240961847202e+01,-1.625878010886031566e+00,2.349599491188182534e-03,-2.629550722159153644e-14
8.639999999999999902e-01,3.074682553174555230e-02,-1.550298443107066104e+00,1.570796326794896558e+00,-1.591294210482727012e+00,-1.570796326794896558e+00,2.049788368783036704e-02,9.628301017814595852e-02,6.418867345209731956e-02,0.000000000000000000e+00,-6.418867345209729180e-02,0.000000000000000000e+00,6.418867345209730568e-02,1.763188228153059756e-01,1.175458818768706643e-01,0.000000000000000000e+00,-1.175458818768706087e-01,0.000000000000000000e+00,1.175458818768706365e-01,1.237231627018383767e-01,-1.817852643536993895e+01,-1.741556277701557676e+01,-1.625732711531770125e+00,2.388867122032480722e-03,-3.651077617479529407e-14
8.960000000000000187e-01,3.391843731033404585e-02,-1.548184035254673852e+00,1.570796326794896558e+00,-1.593408618335119264e+00,-1.570796326794896558e+00,2.261229154022269608e-02,1.019510816855896812e-01,6.796738779039313005e-02,0.000000000000000000e+00,-6.796738779039310230e-02,0.000000000000000000e+00,6.796738779039311618e-02,1.778856157578036778e-01,1.185904105052024565e-01,0.000000000000000000e+00,-1.185904105052024149e-01,0.000000000000000000e+00,1.185904105052024288e-01,1.266291678837604961e-01,-1.826443469971847122e+01,-1.741371091194479703e+01,-1.625594772840218694e+00,2.425231422552495512e-03,-1.971091692630031432e-14
9.280000000000000471e-01,3.727217859676422440e-02,-1.545948207730386992e+00,1.570796326794896558e+00,-1.595644445859406124e+00,-1.570796326794896558e+00,2.484811906450947946e-02,1.076645192498566217e-01,7.177634616657109501e-02,0.000000000000000000e+00,-7.177634616657106725e-02,0.000000000000000000e+00,7.177634616657108113e-02,1.791551896263534616e-01,1.194367930842356595e-01,0.000000000000000000e+00,-1.194367930842356179e-01,0.000000000000000000e+00,1.194367930842356457e-01,1.294802906321522729e-01,-1.835556426235052285e+01,-1.741182168370374228e+01,-1.625464042953590704e+00,2.458742698791345407e-03,-2.544204482420700888e-14
9.599999999999999645e-01,4.080934994066637983e-02,-1.543590093501118865e+00,1.570796326794896558e+00,-1.598002560088674251e+00,-1.570796326794896558e+00,2.720623329377758540e-02,1.134139067335017959e-01,7.560927115566787315e-02,0.000000000000000000e+00,-7.560927115566783152e-02,0.000000000000000000e+00,7.560927115566785928e-02,1.801334739785403205e-01,1.200889826523602183e-01,0.000000000000000000e+00,-1.200889826523601767e-01,0.000000000000000000e+00,1.200889826523601905e-01,1.322787813345987218e-01,-1.845193133899973859e+01,-1.740987935384956842e+01,-1.625340398722757707e+00,2.489441260053912655e-03,3.081199627531260470e-14
9.919999999999999929e-01,4.453095361120607693e-02,-1.541109024387425919e+00,1.570796326794896558e+00,-1.600483629202367197e+00,-1.570796326794896558e+00,2.968730240747071564e-02,1.191900177449228687e-01,7.946001182994859302e-02,0.000000000000000000e+00,-7.946001182994856527e-02,0.000000000000000000e+00,7.946001182994857914e-02,1.808263983719493873e-01,1.205509322479662720e-01,0.000000000000000000e+00,-1.205509322479662165e-01,0.000000000000000000e+00,1.205509322479662443e-01,1.350261808815158004e-01,-1.855354276050055518e+01,-1.740786757854774081e+01,-1.625223748781856159e+00,2.517361135051290975e-03,5.271040213577110323e-14
1.024000000000000021e+00,4.843769966895110357e-02,-1.538504527015595924e+00,1.570796326794896558e+00,-1.603088126574197192e+00,-1.570796326794896558e+00,3.229179977930073109e-02,1.249838156383604598e-01,8.332254375890697784e-02,0.000000000000000000e+00,-8.332254375890695008e-02,0.000000000000000000e+00,8.332254375890696396e-02,1.812398923641655168e-01,1.208265949094436964e-01,0.000000000000000000e+00,-1.208265949094436409e-01,0.000000000000000000e+00,1.208265949094436686e-01,1.377233192511458371e-01,-1.866039613422948307e+01,-1.740576943538459176e+01,-1.625114030058691039e+00,2.542529567626373825e-03,3.094002373813484007e-14
1.056000000000000050e+00,5.253001203773836891e-02,-1.535776318769737747e+00,1.570796326794896558e+00,-1.605816334820055369e+00,-1.570796326794896558e+00,3.502000802515890798e-02,1.307864535138976714e-01,8.719096900926512350e-02,0.000000000000000000e+00,-8.719096900926508187e-02,0.000000000000000000e+00,8.719096900926510962e-02,1.813798855127738141e-01,1.209199236751825612e-01,0.000000000000000000e+00,-1.209199236751825057e-01,0.000000000000000000e+00,1.209199236751825335e-01,1.403703164917764201e-01,-1.877248001395276944e+01,-1.740356745836093566e+01,-1.625011206975772060e+00,2.564967270975421817e-03,-3.221809912994597290e-14
1.088000000000000078e+00,5.680803457654096111e-02,-1.532924303743869343e+00,1.570796326794896558e+00,-1.608668349845923773e+00,-1.570796326794896558e+00,3.787202305102730510e-02,1.365892742174604213e-01,9.105951614497362345e-02,0.000000000000000000e+00,-9.105951614497359570e-02,0.000000000000000000e+00,9.105951614497360957e-02,1.812523073753590785e-01,1.208348715835727422e-01,0.000000000000000000e+00,-1.208348715835727005e-01,0.000000000000000000e+00,1.208348715835727144e-01,1.429665860753694673e-01,-1.888977407525463192e+01,-1.740124365906758541e+01,-1.624915274054314018e+00,2.584688715747851095e-03,-3.792291603328486538e-14
1.120000000000000107e+00,6.127163715133512878e-02,-1.529948568694006417e+00,1.570796326794896558e+00,-1.611644084895786699e+00,-1.570796326794896558e+00,4.084775810089008585e-02,1.423838103408173461e-01,9.492254022721158258e-02,0.000000000000000000e+00,-9.492254022721154094e-02,0.000000000000000000e+00,9.492254022721156870e-02,1.808630875095065538e-01,1.205753916730043784e-01,0.000000000000000000e+00,-1.205753916730043368e-01,0.000000000000000000e+00,1.205753916730043507e-01,1.455108405863488885e-01,-1.901224929089230997e+01,-1.739877956680813753e+01,-1.624826247008083202e+00,2.601702461157750015e-03,-4.976610597124090141e-14
1.152000000000000135e+00,6.592042170696708892e-02,-1.526849378990251749e+00,1.570796326794896558e+00,-1.614743274599541367e+00,-1.570796326794896558e+00,4.394694780464472594e-02,1.481617842215797454e-01,9.877452281438652004e-02,0.000000000000000000e+00,-9.877452281438647841e-02,0.000000000000000000e+00,9.877452281438649229e-02,1.802181554728010948e-01,1.201454369818674150e-01,0.000000000000000000e+00,-1.201454369818673595e-01,0.000000000000000000e+00,1.201454369818673873e-01,1.480010997433400532e-01,-1.913986811320307524e+01,-1.739615626634324030e+01,-1.624744172199953152e+00,2.616011516443695652e-03,-6.616041845551444483e-14
1.183999999999999941e+00,7.075372833902018876e-02,-1.523627174568883191e+00,1.570796326794896558e+00,-1.617965479020909925e+00,-1.570796326794896558e+00,4.716915222601344992e-02,1.539151079432017344e-01,1.026100719621344942e-01,0.000000000000000000e+00,-1.026100719621344526e-01,0.000000000000000000e+00,1.026100719621344803e-01,1.793234408228276677e-01,1.195489605485517831e-01,0.000000000000000000e+00,-1.195489605485517415e-01,0.000000000000000000e+00,1.195489605485517692e-01,1.504347007863847396e-01,-1.927258467001505693e+01,-1.739335444470081882e+01,-1.624669114647778967e+00,2.627613738872795843e-03,-1.249831535719645158e-13
1.215999999999999970e+00,7.577064136568179009e-02,-1.520282565884442105e+00,1.570796326794896558e+00,-1.621310087705351011e+00,-1.570796326794896558e+00,5.051376091045452904e-02,1.596358833349801054e-01,1.064239222233200888e-01,0.000000000000000000e+00,-1.064239222233200471e-01,0.000000000000000000e+00,1.064239222233200610e-01,1.781848731171713496e-01,1.187899154114475803e-01,0.000000000000000000e+00,-1.187899154114475248e-01,0.000000000000000000e+00,1.187899154114475525e-01,1.528083112350551998e-01,-1.941034495633201118e+01,-1.739035443283426119e+01,-1.624601164406611176e+00,2.636502254652439529e-03,9.958038458390689708e-15
1.247999999999999998e+00,8.096999539961022285e-02,-1.516816329861823132e+00,1.570796326794896558e+00,-1.624776323727969984e+00,-1.570796326794896558e+00,5.397999693307347496e-02,1.653164019720543276e-01,1.102109346480362323e-01,0.000000000000000000e+00,-1.102109346480361768e-01,0.000000000000000000e+00,1.102109346480362045e-01,1.768083819134171064e-01,1.178722546089447515e-01,0.000000000000000000e+00,-1.178722546089446960e-01,0.000000000000000000e+00,1.178722546089447237e-01,1.551179440885301353e-01,-1.955308702895658257e+01,-1.738713626703357207e+01,-1.624540431477932811e+00,2.642665910035442607e-03,2.538726413094081910e-14
1.280000000000000027e+00,8.635038141980171111e-02,-1.513229405848361964e+00,1.570796326794896558e+00,-1.628363247741430930e+00,-1.570796326794896558e+00,5.756692094653446945e-02,1.709491451754066027e-01,1.139660967836044203e-01,0.000000000000000000e+00,-1.139660967836043787e-01,0.000000000000000000e+00,1.139660967836043926e-01,1.751998967691499876e-01,1.167999311794333389e-01,0.000000000000000000e+00,-1.167999311794332834e-01,0.000000000000000000e+00,1.167999311794333112e-01,1.573589754649675765e-01,-1.970074121901713227e+01,-1.738367972961097152e+01,-1.624487044191634366e+00,2.646089743266348548e-03,-3.710399424555504616e-14
1.312000000000000055e+00,9.191015284345752101e-02,-1.509522891565924896e+00,1.570796326794896558e+00,-1.632069762023868220e+00,-1.570796326794896558e+00,6.127343522897167605e-02,1.765267840118620313e-01,1.176845226745747014e-01,0.000000000000000000e+00,-1.176845226745746459e-01,0.000000000000000000e+00,1.176845226745746736e-01,1.733653472419548203e-01,1.155768981613032320e-01,0.000000000000000000e+00,-1.155768981613031765e-01,0.000000000000000000e+00,1.155768981613032043e-01,1.595261647977606057e-01,-1.985323033973725160e+01,-1.737996442142440401e+01,-1.624441151760990687e+00,2.646755477209258422e-03,1.004249385936758381e-13
1.344000000000000083e+00,9.764743159785063686e-02,-1.505698039062996152e+00,1.570796326794896558e+00,-1.635894614526796964e+00,-1.570796326794896558e+00,6.509828773190041995e-02,1.820421792940880856e-01,1.213614528627253997e-01,0.000000000000000000e+00,-1.213614528627253580e-01,0.000000000000000000e+00,1.213614528627253719e-01,1.713106628894168482e-01,1.142071085929445839e-01,0.000000000000000000e+00,-1.142071085929445284e-01,0.000000000000000000e+00,1.142071085929445562e-01,1.616136775653437274e-01,-2.001046990580600848e+01,-1.737596981014080200e+01,-1.624402911147359019e+00,2.644642025764394524e-03,6.330852291587594066e-14
1.376000000000000112e+00,1.035601141921929508e-01,-1.501756250666767878e+00,1.570796326794896558e+00,-1.639836402923025238e+00,-1.570796326794896558e+00,6.904007612812862460e-02,1.874883815805952758e-01,1.249922543870635311e-01,0.000000000000000000e+00,-1.249922543870634756e-01,0.000000000000000000e+00,1.249922543870635033e-01,1.690417732691207875e-01,1.126945155127472009e-01,0.000000000000000000e+00,-1.126945155127471593e-01,0.000000000000000000e+00,1.126945155127471732e-01,1.636151106680325817e-01,-2.017236835380025184e+01,-1.737167530537848492e+01,-1.624372502987627032e+00,2.639726017406292344e-03,-4.303237576492371213e-14
1.407999999999999918e+00,1.096458777895022302e-01,-1.497699074935228358e+00,1.570796326794896558e+00,-1.643893578654564758e+00,-1.570796326794896558e+00,7.309725185966814420e-02,1.928586311757365945e-01,1.285724207838244149e-01,0.000000000000000000e+00,-1.285724207838243593e-01,0.000000000000000000e+00,1.285724207838243871e-01,1.665646079386519374e-01,1.110430719591013055e-01,0.000000000000000000e+00,-1.110430719591012499e-01,0.000000000000000000e+00,1.110430719591012777e-01,1.655235204523716197e-01,-2.033882726789630624e+01,-1.736706031454250265e+01,-1.624350111230432825e+00,2.631982326015131282e-03,1.094581463735865520e-13
1.439999999999999947e+00,1.159021862784690438e-01,-1.493528202609250455e+00,1.570796326794896558e+00,-1.648064450980542661e+00,-1.570796326794896558e+00,7.726812418564601992e-02,1.981463581297080723e-01,1.320975720864720482e-01,0.000000000000000000e+00,-1.320975720864719927e-01,0.000000000000000000e+00,1.320975720864720204e-01,1.638850964555949585e-01,1.092567309703966622e-01,0.000000000000000000e+00,-1.092567309703966066e-01,0.000000000000000000e+00,1.092567309703966344e-01,1.673314534106224716e-01,-2.050974162377839605e+01,-1.736210431486314221e+01,-1.624335936143234349e+00,2.621384608740662953e-03,-7.196041275473256595e-14
1.471999999999999975e+00,1.223262963453236735e-01,-1.489245462564680711e+00,1.570796326794896558e+00,-1.652347191025112405e+00,-1.570796326794896558e+00,8.155086423021577768e-02,2.033451822385480834e-01,1.355634548256987315e-01,0.000000000000000000e+00,-1.355634548256986760e-01,0.000000000000000000e+00,1.355634548256987038e-01,1.610091683775351501e-01,1.073394455850234519e-01,0.000000000000000000e+00,-1.073394455850234103e-01,0.000000000000000000e+00,1.073394455850234241e-01,1.690309796186424685e-01,-2.068500001875447580e+01,-1.735678692672405177e+01,-1.624330180263223289e+00,2.607905850624075723e-03,7.409939726823778327e-14
1.504000000000000004e+00,1.289152635457029850e-01,-1.484852817764427790e+00,1.570796326794896558e+00,-1.656739835825365104e+00,-1.570796326794896558e+00,8.594350903046864276e-02,2.084489130441378180e-01,1.389659420294252212e-01,0.000000000000000000e+00,-1.389659420294251657e-01,0.000000000000000000e+00,1.389659420294251935e-01,1.579427532620573671e-01,1.052951688413716058e-01,0.000000000000000000e+00,-1.052951688413715503e-01,0.000000000000000000e+00,1.052951688413715781e-01,1.706137288626605464e-01,-2.086448492436547753e+01,-1.735108798325469337e+01,-1.624333057791208290e+00,2.591518908443374899e-03,-2.425627742217236794e-13
1.536000000000000032e+00,1.356659483765176866e-01,-1.480352361210551360e+00,1.570796326794896558e+00,-1.661240292379241756e+00,-1.570796326794896558e+00,9.044396558434512901e-02,2.134515498342015039e-01,1.423010332228010211e-01,0.000000000000000000e+00,-1.423010332228009656e-01,0.000000000000000000e+00,1.423010332228009933e-01,1.546917806667466311e-01,1.031278537778310966e-01,0.000000000000000000e+00,-1.031278537778310550e-01,0.000000000000000000e+00,1.031278537778310689e-01,1.720709294824186997e-01,-2.104807293450359751e+01,-1.734498760186215449e+01,-1.624344781926932324e+00,2.572197049853431738e-03,2.077264693533021104e-14
1.568000000000000060e+00,1.425750223478191026e-01,-1.475746311896350527e+00,1.570796326794896558e+00,-1.665846341693442589e+00,-1.570796326794896558e+00,9.505001489854605912e-02,2.183472816423057128e-01,1.455648544282038270e-01,0.000000000000000000e+00,-1.455648544282037715e-01,0.000000000000000000e+00,1.455648544282037993e-01,1.512621801491877416e-01,1.008414534327918555e-01,0.000000000000000000e+00,-1.008414534327918000e-01,0.000000000000000000e+00,1.008414534327918277e-01,1.733934498725997753e-01,-2.123563502467761666e+01,-1.733846625698917165e+01,-1.624365570686102656e+00,2.549914490625614701e-03,2.480463996986351213e-13
1.600000000000000089e+00,1.496389740546662517e-01,-1.471037010758452279e+00,1.570796326794896558e+00,-1.670555642831340615e+00,-1.570796326794896558e+00,9.975931603644416779e-02,2.231304872478597767e-01,1.487536581652398604e-01,0.000000000000000000e+00,-1.487536581652398049e-01,0.000000000000000000e+00,1.487536581652398326e-01,1.476598812669659422e-01,9.843992084464397996e-02,0.000000000000000000e+00,-9.843992084464393832e-02,0.000000000000000000e+00,9.843992084464395220e-02,1.745718426204522222e-01,-2.142703681462132792e+01,-1.733150485827274423e+01,-1.624395640633005788e+00,2.524646928265451232e-03,-6.068460254081775963e-14
1.632000000000000117e+00,1.568541152489924817e-01,-1.466226916628901478e+00,1.570796326794896558e+00,-1.675365736960891638e+00,-1.570796326794896558e+00,1.045694101659949832e-01,2.277957351761159266e-01,1.518638234507439788e-01,0.000000000000000000e+00,-1.518638234507438955e-01,0.000000000000000000e+00,1.518638234507439511e-01,1.438908135776663377e-01,9.592720905177756774e-02,0.000000000000000000e+00,-9.592720905177752611e-02,0.000000000000000000e+00,9.592720905177753998e-02,1.755963911348911999e-01,-2.162213883419326876e+01,-1.732408481992798599e+01,-1.624435208448196111e+00,2.496372051268935018e-03,-2.763370793891649148e-13
1.664000000000000146e+00,1.642165869114730059e-01,-1.461318602187247961e+00,1.570796326794896558e+00,-1.680274051402545155e+00,-1.570796326794896558e+00,1.094777246076486521e-01,2.323377836981691813e-01,1.548918557987794820e-01,0.000000000000000000e+00,-1.548918557987793987e-01,0.000000000000000000e+00,1.548918557987794542e-01,1.399609066388735890e-01,9.330727109258239726e-02,0.000000000000000000e+00,-9.330727109258235563e-02,0.000000000000000000e+00,9.330727109258238339e-02,1.764571587785199736e-01,-2.182079680111425191e+01,-1.731618814189063116e+01,-1.624484484680958074e+00,2.465070049696219991e-03,-3.974708202399865330e-14
1.695999999999999952e+00,1.717223653233911906e-01,-1.456314749912635653e+00,1.570796326794896558e+00,-1.685277903677157241e+00,-1.570796326794896558e+00,1.144815768822607938e-01,2.367515808309569036e-01,1.578343872206379450e-01,0.000000000000000000e+00,-1.578343872206378895e-01,0.000000000000000000e+00,1.578343872206379173e-01,1.358760900081728007e-01,9.058406000544855230e-02,0.000000000000000000e+00,-9.058406000544851067e-02,0.000000000000000000e+00,9.058406000544853842e-02,1.771440402507549750e-01,-2.202286189768123492e+01,-1.730779747496537979e+01,-1.624543676079787557e+00,2.430724104693837359e-03,-1.231171542636216932e-13
1.727999999999999980e+00,1.793672681385064804e-01,-1.451218148035892330e+00,1.570796326794896558e+00,-1.690374505553900786e+00,-1.570796326794896558e+00,1.195781787590042972e-01,2.410322643372594109e-01,1.606881762248396350e-01,0.000000000000000000e+00,-1.606881762248395518e-01,0.000000000000000000e+00,1.606881762248396073e-01,1.316422932431491055e-01,8.776152882876608885e-02,0.000000000000000000e+00,-8.776152882876604722e-02,0.000000000000000000e+00,8.776152882876607497e-02,1.776468151655354877e-01,-2.222818105208930106e+01,-1.729889620195254452e+01,-1.624612976571964795e+00,2.393320846750693863e-03,-1.997514666951978552e-13
1.760000000000000009e+00,1.871469604549201027e-01,-1.446031686491616508e+00,1.570796326794896558e+00,-1.695560967098176608e+00,-1.570796326794896558e+00,1.247646403032800499e-01,2.451751617256998639e-01,1.634501078171332611e-01,0.000000000000000000e+00,-1.634501078171332056e-01,0.000000000000000000e+00,1.634501078171332333e-01,1.272654459013874140e-01,8.484363060092495190e-02,0.000000000000000000e+00,-8.484363060092491027e-02,0.000000000000000000e+00,8.484363060092492415e-02,1.779552036025869866e-01,-2.243659722645064036e+01,-1.728946850127859847e+01,-1.624692576773724806e+00,2.352850823078541601e-03,-1.996117832484752898e-13
1.792000000000000037e+00,1.950569608869431593e-01,-1.440758352870267878e+00,1.570796326794896558e+00,-1.700834300719525238e+00,-1.570796326794896558e+00,1.300379739246287636e-01,2.491757902507438227e-01,1.661171935004959188e-01,0.000000000000000000e+00,-1.661171935004958355e-01,0.000000000000000000e+00,1.661171935004958633e-01,1.227514775404728170e-01,8.183431836031522522e-02,0.000000000000000000e+00,-8.183431836031518358e-02,0.000000000000000000e+00,8.183431836031521134e-02,1.780589234240647911e-01,-2.264794970713222710e+01,-1.727949942442411668e+01,-1.624782652930189641e+00,2.309308904759614384e-03,-2.668895626101242620e-13
1.824000000000000066e+00,2.030926476369629141e-01,-1.435401228370254634e+00,1.570796326794896558e+00,-1.706191425219538482e+00,-1.570796326794896558e+00,1.353950984246419242e-01,2.530298569127000796e-01,1.686865712751334234e-01,0.000000000000000000e+00,-1.686865712751333402e-01,0.000000000000000000e+00,1.686865712751333957e-01,1.181063177179899476e-01,7.873754514532663173e-02,0.000000000000000000e+00,-7.873754514532660398e-02,0.000000000000000000e+00,7.873754514532661786e-02,1.779477491735470263e-01,-2.286207440160076132e+01,-1.726897495930322179e+01,-1.624883365160814108e+00,2.262694700414486816e-03,1.172433521824805573e-13
1.856000000000000094e+00,2.112492645673101355e-01,-1.429963483750023023e+00,1.570796326794896558e+00,-1.711629169839769871e+00,-1.570796326794896558e+00,1.408328430448734236e-01,2.567332584577193266e-01,1.711555056384795881e-01,0.000000000000000000e+00,-1.711555056384795048e-01,0.000000000000000000e+00,1.711555056384795603e-01,1.133358959915242714e-01,7.555726399434953278e-02,0.000000000000000000e+00,-7.555726399434949114e-02,0.000000000000000000e+00,7.555726399434951890e-02,1.776115722410228082e-01,-2.307880413385866802e+01,-1.725788209460529643e+01,-1.624994865008053235e+00,2.213012919404184608e-03,-3.149872722135842947e-13
1.888000000000000123e+00,2.195219272721257997e-01,-1.424448375280146006e+00,1.570796326794896558e+00,-1.717144278309647110e+00,-1.570796326794896558e+00,1.463479515147505239e-01,2.602820813777960152e-01,1.735213875851973619e-01,0.000000000000000000e+00,-1.735213875851972787e-01,0.000000000000000000e+00,1.735213875851973064e-01,1.084461419186604075e-01,7.229742794577360965e-02,0.000000000000000000e+00,-7.229742794577358189e-02,0.000000000000000000e+00,7.229742794577359577e-02,1.770404620679711938e-01,-2.329796894544737640e+01,-1.724620889066054019e+01,-1.625117283156420234e+00,2.160273715930700889e-03,5.652326386371292635e-14
1.919999999999999929e+00,2.279056291492280728e-01,-1.418859240695411028e+00,1.570796326794896558e+00,-1.722733412894381866e+00,-1.570796326794896558e+00,1.519370860994853634e-01,2.636726019107664132e-01,1.757817346071776365e-01,0.000000000000000000e+00,-1.757817346071775533e-01,0.000000000000000000e+00,1.757817346071776088e-01,1.034429850569834608e-01,6.896199003798898775e-02,0.000000000000000000e+00,-6.896199003798895999e-02,0.000000000000000000e+00,6.896199003798897387e-02,1.762247280940958394e-01,-2.351939639833911144e+01,-1.723394453198064369e+01,-1.625250731443615315e+00,2.104493011653938914e-03,-3.556929045929057907e-14
1.951999999999999957e+00,2.363952474719796248e-01,-1.413199495146910234e+00,1.570796326794896558e+00,-1.728393158442882882e+00,-1.570796326794896558e+00,1.575968316479864073e-01,2.669012860403098264e-01,1.779341906935399120e-01,0.000000000000000000e+00,-1.779341906935398288e-01,0.000000000000000000e+00,1.779341906935398843e-01,9.833235496407882748e-02,6.555490330938588961e-02,0.000000000000000000e+00,-6.555490330938586185e-02,0.000000000000000000e+00,6.555490330938587573e-02,1.751549821062108603e-01,-2.374291188028848509e+01,-1.722107938702960084e+01,-1.625395304232128968e+00,2.045692768604400608e-03,4.387964860029887830e-13
1.983999999999999986e+00,2.449855494611543616e-01,-1.407472627154126910e+00,1.570796326794896558e+00,-1.734120026435665984e+00,-1.570796326794896558e+00,1.633236996407695651e-01,2.699647894959485428e-01,1.799765263306323804e-01,0.000000000000000000e+00,-1.799765263306322971e-01,0.000000000000000000e+00,1.799765263306323526e-01,9.312018119753084910e-02,6.208012079835391328e-02,0.000000000000000000e+00,-6.208012079835388553e-02,0.000000000000000000e+00,6.208012079835389940e-02,1.738222006795343832e-01,-2.396833890539353362e+01,-1.720760506311397009e+01,-1.625551074927954920e+00,1.983901235280786761e-03,-1.356998814944636016e-13
2.016000000000000014e+00,2.536711983568041284e-01,-1.401682194557027028e+00,1.570796326794896558e+00,-1.739910459032765866e+00,-1.570796326794896558e+00,1.691141322378693912e-01,2.728599577530472775e-01,1.819066385020315368e-01,0.000000000000000000e+00,-1.819066385020314536e-01,0.000000000000000000e+00,1.819066385020314813e-01,8.781239331492492195e-02,5.854159554328328824e-02,0.000000000000000000e+00,-5.854159554328326048e-02,0.000000000000000000e+00,5.854159554328327436e-02,1.722177873489530442e-01,-2.419549942108753626e+01,-1.719351445216118179e+01,-1.625718091850008484e+00,1.919153160817922395e-03,-3.307537863686019013e-13
2.048000000000000043e+00,2.624467594901260248e-01,-1.395831820468145912e+00,1.570796326794896558e+00,-1.745760833121647204e+00,-1.570796326794896558e+00,1.749645063267506739e-01,2.755838260328132838e-01,1.837225506885422077e-01,0.000000000000000000e+00,-1.837225506885421245e-01,0.000000000000000000e+00,1.837225506885421522e-01,8.241492087384588716e-02,5.494328058256393171e-02,0.000000000000000000e+00,-5.494328058256391090e-02,0.000000000000000000e+00,5.494328058256392477e-02,1.703336342117630631e-01,-2.442421411641264939e+01,-1.717880178507989086e+01,-1.625896384147396567e+00,1.851489976525385944e-03,1.749229403895622106e-13
2.080000000000000071e+00,2.713067063553294411e-01,-1.389925189224676894e+00,1.570796326794896558e+00,-1.751667464365116222e+00,-1.570796326794896558e+00,1.808711375702196089e-01,2.781336193022972969e-01,1.854224128681982442e-01,0.000000000000000000e+00,-1.854224128681981609e-01,0.000000000000000000e+00,1.854224128681981887e-01,7.693369343187878018e-02,5.128912895458585808e-02,0.000000000000000000e+00,-5.128912895458583726e-02,0.000000000000000000e+00,5.128912895458585114e-02,1.681621824993146386e-01,-2.465430272077404794e+01,-1.716346266280753241e+01,-1.626085953643336746e+00,1.780959935003994512e-03,3.610987565925850853e-13
2.112000000000000099e+00,2.802454266815024297e-01,-1.383966042340561531e+00,1.570796326794896558e+00,-1.757626611249231363e+00,-1.570796326794896558e+00,1.868302844543349162e-01,2.805067522743917019e-01,1.870045015162611624e-01,0.000000000000000000e+00,-1.870045015162610791e-01,0.000000000000000000e+00,1.870045015162611068e-01,7.137464054660896950e-02,4.758309369773931763e-02,0.000000000000000000e+00,-4.758309369773929681e-02,0.000000000000000000e+00,4.758309369773931069e-02,1.656964818437112186e-01,-2.488558431001808557e+01,-1.714749410095560123e+01,-1.626286776688243396e+00,1.707618217016412809e-03,6.293054185744375311e-14
2.144000000000000128e+00,2.892572285044795466e-01,-1.377958174458576934e+00,1.570796326794896558e+00,-1.763634479131216182e+00,-1.570796326794896558e+00,1.928381523363197070e-01,2.827008294078325878e-01,1.884672196052217807e-01,0.000000000000000000e+00,-1.884672196052216975e-01,0.000000000000000000e+00,1.884672196052217252e-01,6.574369177562051914e-02,4.382912785041368636e-02,0.000000000000000000e+00,-4.382912785041366555e-02,0.000000000000000000e+00,4.382912785041367248e-02,1.629302478323286230e-01,-2.511787760554598847e+01,-1.713089455966337837e+01,-1.626498804730982073e+00,1.631526998143418075e-03,8.661931687587005217e-14
2.176000000000000156e+00,2.983363462387082499e-01,-1.371905429302424428e+00,1.570796326794896558e+00,-1.769687224287368688e+00,-1.570796326794896558e+00,1.988908974924721573e-01,2.847136449071980269e-01,1.898090966047987216e-01,0.000000000000000000e+00,-1.898090966047986383e-01,0.000000000000000000e+00,1.898090966047986661e-01,6.004677667649930412e-02,4.003118445099954070e-02,0.000000000000000000e+00,-4.003118445099951989e-02,0.000000000000000000e+00,4.003118445099953376e-02,1.598579174721647123e-01,-2.535100127114039026e+01,-1.711366397218138502e+01,-1.626721963568685148e+00,1.552756195817276211e-03,-1.024970824343516614e-13
2.208000000000000185e+00,3.074769467491161312e-01,-1.365811695628819100e+00,1.570796326794896558e+00,-1.775780957960973794e+00,-1.570796326794896558e+00,2.049846311660774023e-01,2.865431827229093509e-01,1.910287884819396043e-01,0.000000000000000000e+00,-1.910287884819395210e-01,0.000000000000000000e+00,1.910287884819395765e-01,5.428982480682988804e-02,3.619321653788659665e-02,0.000000000000000000e+00,-3.619321653788658277e-02,0.000000000000000000e+00,3.619321653788658971e-02,1.564747022369437079e-01,-2.558477420322909168e+01,-1.709580376514688638e+01,-1.626956146322428465e+00,1.471379906172789673e-03,-2.628581947072214627e-13
2.240000000000000213e+00,3.166731354229772588e-01,-1.359680903179578459e+00,1.570796326794896558e+00,-1.781911750410214657e+00,-1.570796326794896558e+00,2.111154236153181540e-01,2.881876165512301524e-01,1.921250777008201294e-01,0.000000000000000000e+00,-1.921250777008200461e-01,0.000000000000000000e+00,1.921250777008201016e-01,4.847876572419768104e-02,3.231917714946512532e-02,0.000000000000000000e+00,-3.231917714946511144e-02,0.000000000000000000e+00,3.231917714946511838e-02,1.527766383220187929e-01,-2.581901582494080216e+01,-1.707731688048810526e+01,-1.627201219309873270e+00,1.387483485022716987e-03,-2.224272089322373367e-13
2.272000000000000242e+00,3.259189622417800192e-01,-1.353517018633709768e+00,1.570796326794896558e+00,-1.788075634956083126e+00,-1.570796326794896558e+00,2.172793081611866517e-01,2.896453098342673393e-01,1.930968732228449392e-01,0.000000000000000000e+00,-1.930968732228448559e-01,0.000000000000000000e+00,1.930968732228448836e-01,4.261952898618708713e-02,2.841301932412472822e-02,0.000000000000000000e+00,-2.841301932412471781e-02,0.000000000000000000e+00,2.841301932412472475e-02,1.487606337550039237e-01,-2.605354636618291053e+01,-1.705820778487350609e+01,-1.627457025209074981e+00,1.301156351671255845e-03,-1.522538262452884481e-13
2.304000000000000270e+00,3.352084278530935713e-01,-1.347324041559500696e+00,1.570796326794896558e+00,-1.794268612030292198e+00,-1.570796326794896558e+00,2.234722852353956957e-01,2.909148157599696916e-01,1.939432105066464795e-01,0.000000000000000000e+00,-1.939432105066463963e-01,0.000000000000000000e+00,1.939432105066464518e-01,3.671804415038363439e-02,2.447869610025575626e-02,0.000000000000000000e+00,-2.447869610025574585e-02,0.000000000000000000e+00,2.447869610025575279e-02,1.444245121058464476e-01,-2.628818714647993460e+01,-1.703848247591069054e+01,-1.627723372809283475e+00,1.212495444015992659e-03,-9.111685151907601630e-14
2.335999999999999854e+00,3.445354896424350777e-01,-1.341106000366606432e+00,1.570796326794896558e+00,-1.800486653223186462e+00,-1.570796326794896558e+00,2.296903264282900148e-01,2.919948772621294708e-01,1.946632515080863324e-01,0.000000000000000000e+00,-1.946632515080862491e-01,0.000000000000000000e+00,1.946632515080863046e-01,3.078024077437210501e-02,2.052016051624807116e-02,0.000000000000000000e+00,-2.052016051624806423e-02,0.000000000000000000e+00,2.052016051624806769e-02,1.397670524146391313e-01,-2.652276083861600142e+01,-1.701814848878120401e+01,-1.628000043247983308e+00,1.121604364216906421e-03,-2.010620741098762034e-13
2.367999999999999883e+00,3.538940678051361588e-01,-1.334866948258139008e+00,1.570796326794896558e+00,-1.806725705331653886e+00,-1.570796326794896558e+00,2.359293785367574392e-01,2.928844270203815325e-01,1.952562846802543828e-01,0.000000000000000000e+00,-1.952562846802542995e-01,0.000000000000000000e+00,1.952562846802543550e-01,2.481204841573713890e-02,1.654136561049142709e-02,0.000000000000000000e+00,-1.654136561049142015e-02,0.000000000000000000e+00,1.654136561049142362e-02,1.347880250816143322e-01,-2.675709173695010179e+01,-1.699721488705061745e+01,-1.628286789268401202e+00,1.028593202207389243e-03,-2.606681299181863241e-13
2.399999999999999911e+00,3.632780514182109011e-01,-1.328610959182755957e+00,1.570796326794896558e+00,-1.812981694407037159e+00,-1.570796326794896558e+00,2.421853676121406007e-01,2.935825874602031593e-01,1.957217249734688191e-01,0.000000000000000000e+00,-1.957217249734687359e-01,0.000000000000000000e+00,1.957217249734687636e-01,1.881939663206409069e-02,1.254626442137606046e-02,0.000000000000000000e+00,-1.254626442137605526e-02,0.000000000000000000e+00,1.254626442137605873e-02,1.294882235560029515e-01,-2.699100602043147390e+01,-1.697569226113779095e+01,-1.628583332401274841e+00,9.335783407384084208e-04,-2.714036923680780569e-13
2.431999999999999940e+00,3.726813045122215340e-01,-1.322342123786748758e+00,1.570796326794896558e+00,-1.819250529803044136e+00,-1.570796326794896558e+00,2.484542030081476616e-01,2.940886707529142274e-01,1.960591138352761609e-01,0.000000000000000000e+00,-1.960591138352760776e-01,0.000000000000000000e+00,1.960591138352761331e-01,1.280821498093819358e-02,8.538809987292131365e-03,0.000000000000000000e+00,-8.538809987292126161e-03,0.000000000000000000e+00,8.538809987292129630e-03,1.238694914035183975e-01,-2.722433198819473432e+01,-1.695359270329494805e+01,-1.628889367445333081e+00,8.366822131705192647e-04,-2.840374620456664794e-14
2.463999999999999968e+00,3.820976721431462719e-01,-1.316064545366132377e+00,1.570796326794896558e+00,-1.825528108223660517e+00,-1.570796326794896558e+00,2.547317814287641258e-01,2.944021788156777064e-01,1.962681192104518413e-01,0.000000000000000000e+00,-1.962681192104517580e-01,0.000000000000000000e+00,1.962681192104518135e-01,6.784433019944364172e-03,4.522955346629576982e-03,0.000000000000000000e+00,-4.522955346629575248e-03,0.000000000000000000e+00,4.522955346629576115e-03,1.179347447779486024e-01,-2.745690030882376931e+01,-1.693092980396711056e+01,-1.629204559896635818e+00,7.380330463768354499e-04,-4.865975688010841853e-14
2.495999999999999996e+00,3.915209864642456572e-01,-1.309782335818732824e+00,1.570796326794896558e+00,-1.831810317771060292e+00,-1.570796326794896558e+00,2.610139909761637345e-01,2.945228033114997146e-01,1.963485355409998467e-01,0.000000000000000000e+00,-1.963485355409997635e-01,0.000000000000000000e+00,1.963485355409997912e-01,7.539803066669485774e-04,5.026535377779658628e-04,0.000000000000000000e+00,-5.026535377779656460e-04,0.000000000000000000e+00,5.026535377779657544e-04,1.116879899802344089e-01,-2.768854424244067758e+01,-1.690771861027584677e+01,-1.629528547049075682e+00,6.377645920936648701e-04,2.548053247072607399e-13
2.528000000000000025e+00,4.009450727979307350e-01,-1.303499611596276031e+00,1.570796326794896558e+00,-1.838093041993516863e+00,-1.570796326794896558e+00,2.672967151986204715e-01,2.944504256492276872e-01,1.963002837661518285e-01,0.000000000000000000e+00,-1.963002837661517452e-01,0.000000000000000000e+00,1.963002837661517730e-01,-5.277213601308419939e-03,-3.518142400872280393e-03,-0.000000000000000000e+00,3.518142400872279092e-03,-0.000000000000000000e+00,-3.518142400872279960e-03,1.051343360560006573e-01,-2.791909986854455283e+01,-1.688397561284029180e+01,-1.629860938149211513e+00,5.360157911452299861e-04,1.190013009229899692e-13
2.560000000000000053e+00,4.103637557076280085e-01,-1.297220489656477849e+00,1.570796326794896558e+00,-1.844372163933315267e+00,-1.570796326794896558e+00,2.735758371384186538e-01,2.941851169835530966e-01,1.961234113223687681e-01,0.000000000000000000e+00,-1.961234113223686848e-01,0.000000000000000000e+00,1.961234113223687126e-01,-1.130321914639661161e-02,-7.535479430931074987e-03,-0.000000000000000000e+00,7.535479430931071518e-03,-0.000000000000000000e+00,-7.535479430931073253e-03,9.828000227671691846e-02,-2.814840628906721776e+01,-1.685971869848603077e+01,-1.630201316421560298e+00,4.329304703213575876e-04,-2.769637945522681399e-14
2.592000000000000082e+00,4.197708650696486687e-01,-1.290949083415130705e+00,1.570796326794896558e+00,-1.850643570174662189e+00,-1.570796326794896558e+00,2.798472433797657422e-01,2.937271382150101751e-01,1.958180921433401167e-01,0.000000000000000000e+00,-1.958180921433400334e-01,0.000000000000000000e+00,1.958180921433400890e-01,-1.731810677101338833e-02,-1.154540451400892613e-02,-0.000000000000000000e+00,1.154540451400892093e-02,-0.000000000000000000e+00,-1.154540451400892440e-02,9.113232053332012694e-02,-2.837630582615653196e+01,-1.683496711872126639e+01,-1.630549237971469889e+00,3.286569922695403842e-04,-8.264767376179133878e-13
2.624000000000000110e+00,4.291602421450545490e-01,-1.284689498698193599e+00,1.570796326794896558e+00,-1.856903154891599517e+00,-1.570796326794896558e+00,2.861068280967030142e-01,2.930769399899744165e-01,1.953846266599829629e-01,0.000000000000000000e+00,-1.953846266599828796e-01,0.000000000000000000e+00,1.953846266599829351e-01,-2.331594691757333387e-02,-1.554396461171555881e-02,-0.000000000000000000e+00,1.554396461171555187e-02,-0.000000000000000000e+00,-1.554396461171555534e-02,8.369973254867128787e-02,-2.860264421331332230e+01,-1.680974144244122925e+01,-1.630904232236376927e+00,2.233478813830157132e-04,-9.885796488348139609e-14
2.656000000000000139e+00,4.385257456515232466e-01,-1.278445829693880986e+00,1.570796326794896558e+00,-1.863146823895911908e+00,-1.570796326794896558e+00,2.923504971010154607e-01,2.922351627006652963e-01,1.948234418004435586e-01,0.000000000000000000e+00,-1.948234418004434754e-01,0.000000000000000000e+00,1.948234418004435309e-01,-2.929081002849093923e-02,-1.952720668566063078e-02,-0.000000000000000000e+00,1.952720668566062037e-02,-0.000000000000000000e+00,-1.952720668566062731e-02,7.599178195909331301e-02,-2.882727076743535832e+01,-1.678406351291101828e+01,-1.631265806057214274e+00,1.171594644615880400e-04,2.271505146522986492e-13
2.688000000000000167e+00,4.478612578352190177e-01,-1.272222154904750546e+00,1.570796326794896558e+00,-1.869370498685042570e+00,-1.570796326794896558e+00,2.985741718901460118e-01,2.912026364851449944e-01,1.941350909900966815e-01,0.000000000000000000e+00,-1.941350909900965982e-01,0.000000000000000000e+00,1.941350909900966537e-01,-3.523676654618190102e-02,-2.349117769745460299e-02,-0.000000000000000000e+00,2.349117769745459258e-02,-0.000000000000000000e+00,-2.349117769745459952e-02,6.801910132488905858e-02,-2.905003855426955184e+01,-1.675795638741231031e+01,-1.631633441072194435e+00,1.025146952260229654e-05,-4.066989692268508260e-13
2.720000000000000195e+00,4.571606905426562339e-01,-1.266022533099792291e+00,1.570796326794896558e+00,-1.875570120490000603e+00,-1.570796326794896558e+00,3.047737936951041005e-01,2.899803812273183401e-01,1.933202541515456063e-01,0.000000000000000000e+00,-1.933202541515455231e-01,0.000000000000000000e+00,1.933202541515455508e-01,-4.114788691306114909e-02,-2.743192460870743504e-02,-0.000000000000000000e+00,2.743192460870742463e-02,-0.000000000000000000e+00,-2.743192460870742810e-02,5.979339415757588261e-02,-2.927080453668893867e+01,-1.673144428847763976e+01,-1.632006596525160891e+00,-9.721335146074274423e-05,5.086714163636886466e-13
2.752000000000000224e+00,4.664179912925681126e-01,-1.259850999266517668e+00,1.570796326794896558e+00,-1.881741654323275226e+00,-1.570796326794896558e+00,3.109453275283787232e-01,2.885696065569324231e-01,1.923797377046216339e-01,0.000000000000000000e+00,-1.923797377046215507e-01,0.000000000000000000e+00,1.923797377046216062e-01,-4.701824157154371742e-02,-3.134549438102914726e-02,-0.000000000000000000e+00,3.134549438102913338e-02,-0.000000000000000000e+00,-3.134549438102914032e-02,5.132741207158111191e-02,-2.948942971901683663e+01,-1.670455253911831761e+01,-1.632384710028816022e+00,-2.050696411339353277e-04,-2.171736213501308723e-13
2.784000000000000252e+00,4.756271493477736700e-01,-1.253711560563047334e+00,1.570796326794896558e+00,-1.887881093026745560e+00,-1.570796326794896558e+00,3.170847662318490578e-01,2.869717118495769270e-01,1.913144745663846458e-01,0.000000000000000000e+00,-1.913144745663845903e-01,0.000000000000000000e+00,1.913144745663846180e-01,-5.284190096404419584e-02,-3.522793397602946852e-02,-0.000000000000000000e+00,3.522793397602945464e-02,-0.000000000000000000e+00,-3.522793397602946158e-02,4.263492727590550979e-02,-2.970577926512320843e+01,-1.667730750162944986e+01,-1.632767198695137534e+00,-3.131498260788152495e-04,2.985206654867287683e-13
2.815999999999999837e+00,4.847822017870432876e-01,-1.247608192270200922e+00,1.570796326794896558e+00,-1.893984461319591972e+00,-1.570796326794896558e+00,3.231881345246955251e-01,2.851882862266849616e-01,1.901255241511233263e-01,0.000000000000000000e+00,-1.901255241511232430e-01,0.000000000000000000e+00,1.901255241511232985e-01,-5.861293553297761832e-02,-3.907529035531841916e-02,-0.000000000000000000e+00,3.907529035531839834e-02,-0.000000000000000000e+00,-3.907529035531840528e-02,3.373070051238613587e-02,-2.991972262447012199e+01,-1.664973650809326600e+01,-1.633153460386937761e+00,-4.212845260032319246e-04,1.019039339955219192e-13
2.847999999999999865e+00,4.938772395769681078e-01,-1.241544833743584375e+00,1.570796326794896558e+00,-1.900047819846208519e+00,-1.570796326794896558e+00,3.292514930513120719e-01,2.832211085555318419e-01,1.888140723703545798e-01,0.000000000000000000e+00,-1.888140723703544965e-01,0.000000000000000000e+00,1.888140723703545520e-01,-6.432541572075936576e-02,-4.288361048050624846e-02,-0.000000000000000000e+00,4.288361048050622765e-02,-0.000000000000000000e+00,-4.288361048050623459e-02,2.463044476237422065e-02,-3.013113362298320652e+01,-1.662186779461487163e+01,-1.633542875329534683e+00,-5.293029577609104520e-04,-7.917596023595429686e-14
2.879999999999999893e+00,5.029064136438239352e-01,-1.235525384365680601e+00,1.570796326794896558e+00,-1.906067269224112515e+00,-1.570796326794896558e+00,3.352709424292159013e-01,2.810721474492363092e-01,1.873814316328242247e-01,0.000000000000000000e+00,-1.873814316328241414e-01,0.000000000000000000e+00,1.873814316328241969e-01,-6.997341196980458311e-02,-4.664894131320306003e-02,-0.000000000000000000e+00,4.664894131320303922e-02,-0.000000000000000000e+00,-4.664894131320305309e-02,1.535078486477187143e-02,-3.033989056033012588e+01,-1.659373042246369678e+01,-1.633934805999124551e+00,-6.370333268515761434e-04,-2.873683757419375777e-13
2.911999999999999922e+00,5.118639409454414091e-01,-1.229553699497935693e+00,1.570796326794896558e+00,-1.912038954091857423e+00,-1.570796326794896558e+00,3.412426272969609209e-01,2.787435612667583107e-01,1.858290408445055775e-01,0.000000000000000000e+00,-1.858290408445054942e-01,0.000000000000000000e+00,1.858290408445055497e-01,-7.555099472252761739e-02,-5.036732981501842316e-02,-0.000000000000000000e+00,5.036732981501839540e-02,-0.000000000000000000e+00,-5.036732981501840928e-02,5.909213449821648645e-03,-3.054587628369693775e+01,-1.656535420917646562e+01,-1.634328600252908492e+00,-7.443032215445929793e-04,2.526331140288057037e-13
2.943999999999999950e+00,5.207441105430701267e-01,-1.223633586432849807e+00,1.570796326794896558e+00,-1.917959067156943309e+00,-1.570796326794896558e+00,3.471627403620467511e-01,2.762376981129029963e-01,1.841584654086020345e-01,0.000000000000000000e+00,-1.841584654086019512e-01,0.000000000000000000e+00,1.841584654086019790e-01,-8.105223442134432132e-02,-5.403482294756288551e-02,-0.000000000000000000e+00,5.403482294756286469e-02,-0.000000000000000000e+00,-5.403482294756287857e-02,-3.675956656994883165e-03,-3.074897825370158344e+01,-1.653676964702829366e+01,-1.634723593061843783e+00,-8.509399981283574102e-04,6.394805075683193354e-14
2.975999999999999979e+00,5.295412896732476504e-01,-1.217768800346064717e+00,1.570796326794896558e+00,-1.923823853243728177e+00,-1.570796326794896558e+00,3.530275264488317855e-01,2.735570958383146678e-01,1.823713972255431304e-01,0.000000000000000000e+00,-1.823713972255430471e-01,0.000000000000000000e+00,1.823713972255431026e-01,-8.647120150866847987e-02,-5.764746767244566250e-02,-0.000000000000000000e+00,5.764746767244564168e-02,-0.000000000000000000e+00,-5.764746767244564862e-02,-1.338564313857955324e-02,-3.094908860171483411e+01,-1.650800782309785930e+01,-1.635119104362893649e+00,-9.567711366625994548e-04,8.444232611017019804e-13
3.008000000000000007e+00,5.382499298196651294e-01,-1.211963040248453138e+00,1.570796326794896558e+00,-1.929629613341339756e+00,-1.570796326794896558e+00,3.588332865464433641e-01,2.707044820394844398e-01,1.804696546929896728e-01,0.000000000000000000e+00,-1.804696546929895895e-01,0.000000000000000000e+00,1.804696546929896173e-01,-9.180196642691637599e-02,-6.120131095127758630e-02,-0.000000000000000000e+00,6.120131095127756549e-02,-0.000000000000000000e+00,-6.120131095127757936e-02,-2.320004772585483599e-02,-3.114610417004699983e+01,-1.647910034063177065e+01,-1.635514444736304807e+00,-1.061624616367966810e-03,1.199965962147560603e-13
3.040000000000000036e+00,5.468645727850356408e-01,-1.206219944938206057e+00,1.570796326794896558e+00,-1.935372708651586837e+00,-1.570796326794896558e+00,3.645763818566903902e-01,2.676827740587432447e-01,1.784551827058288576e-01,0.000000000000000000e+00,-1.784551827058287743e-01,0.000000000000000000e+00,1.784551827058288298e-01,-9.703859961850257176e-02,-6.469239974566838580e-02,-0.000000000000000000e+00,6.469239974566835805e-02,-0.000000000000000000e+00,-6.469239974566837192e-02,-3.309871218297938400e-02,-3.133992654245549048e+01,-1.645007923465270849e+01,-1.635908916478690189e+00,-1.165329235869769350e-03,2.194307492005428084e-14
3.072000000000000064e+00,5.553798567629596450e-01,-1.200543088952923387e+00,1.570796326794896558e+00,-1.941049564636869507e+00,-1.570796326794896558e+00,3.702532378419731152e-01,2.644950789842658301e-01,1.763300526561772386e-01,0.000000000000000000e+00,-1.763300526561771553e-01,0.000000000000000000e+00,1.763300526561771830e-01,-1.021751715258415599e-01,-6.811678101722772050e-02,-0.000000000000000000e+00,6.811678101722769274e-02,-0.000000000000000000e+00,-6.811678101722770662e-02,-4.306057646291265584e-02,-3.153046206501255355e+01,-1.642097688855473692e+01,-1.636301810068332419e+00,-1.267714958471470458e-03,-1.420960285508601096e-13
3.104000000000000092e+00,5.637905224097929935e-01,-1.194935978521701081e+00,1.570796326794896558e+00,-1.946656675068091813e+00,-1.570796326794896558e+00,3.758603482731953105e-01,2.611446936500691485e-01,1.740964624333794508e-01,0.000000000000000000e+00,-1.740964624333793953e-01,0.000000000000000000e+00,1.740964624333794231e-01,-1.072057525913492765e-01,-7.147050172756619357e-02,-0.000000000000000000e+00,7.147050172756616582e-02,-0.000000000000000000e+00,-7.147050172756617969e-02,-5.306403859055243422e-02,-3.171762186362970226e+01,-1.639182594961273765e+01,-1.636692410563418631e+00,-1.368613195064448829e-03,1.922982432557239850e-13
3.136000000000000121e+00,5.720914189165138275e-01,-1.189402047517220673e+00,1.570796326794896558e+00,-1.952190606072572221e+00,-1.570796326794896558e+00,3.813942792776758295e-01,2.576351046360134678e-01,1.717567364240090155e-01,0.000000000000000000e+00,-1.717567364240089323e-01,0.000000000000000000e+00,1.717567364240089878e-01,-1.121244132574399782e-01,-7.474960883829333269e-02,-0.000000000000000000e+00,7.474960883829330494e-02,-0.000000000000000000e+00,-7.474960883829331881e-02,-6.308701597706629915e-02,-3.190132183384214315e+01,-1.636265924441994457e+01,-1.637079999023939081e+00,-1.467857105049338732e-03,-2.023557476729522447e-13
3.168000000000000149e+00,5.802775100805882547e-01,-1.183944653407837722e+00,1.570796326794896558e+00,-1.957648000181955172e+00,-1.570796326794896558e+00,3.868516733870588364e-01,2.539699882678013165e-01,1.693133255118675629e-01,0.000000000000000000e+00,-1.693133255118674796e-01,0.000000000000000000e+00,1.693133255118675073e-01,-1.169252239665286991e-01,-7.795014931101915123e-02,-0.000000000000000000e+00,7.795014931101910960e-02,-0.000000000000000000e+00,-7.795014931101912348e-02,-7.310700778705470082e-02,-3.208148264606732170e+01,-1.633350968791718572e+01,-1.637463851425132955e+00,-1.565281851487787144e-03,-1.339332341134380989e-13
3.200000000000000178e+00,5.883438803778406889e-01,-1.178567073209669358e+00,1.570796326794896558e+00,-1.963025580380123536e+00,-1.570796326794896558e+00,3.922292535852270889e-01,2.501532106169773728e-01,1.667688070779849430e-01,0.000000000000000000e+00,-1.667688070779848875e-01,0.000000000000000000e+00,1.667688070779849152e-01,-1.216022551610310282e-01,-8.106817010735402340e-02,-0.000000000000000000e+00,8.106817010735399565e-02,-0.000000000000000000e+00,-8.106817010735400952e-02,-8.310115801791791157e-02,-3.225802971846741940e+01,-1.630441020756269666e+01,-1.637843240421182012e+00,-1.660724836330364695e-03,-4.318756889212042419e-14
3.232000000000000206e+00,5.962857410343140874e-01,-1.173272499438687166e+00,1.570796326794896558e+00,-1.968320154151105950e+00,-1.570796326794896558e+00,3.975238273562093916e-01,2.461888275009312399e-01,1.641258850006208359e-01,0.000000000000000000e+00,-1.641258850006207803e-01,0.000000000000000000e+00,1.641258850006208081e-01,-1.261495772833610973e-01,-8.409971818890740747e-02,-0.000000000000000000e+00,8.409971818890737971e-02,-0.000000000000000000e+00,-8.409971818890739359e-02,-9.304631892318292186e-02,-3.243089319813433491e+01,-1.627539364789778276e+01,-1.638217438463978715e+00,-1.754025926607600747e-03,-2.385687188500301677e-13
3.264000000000000234e+00,6.040984360981468404e-01,-1.168064036062798516e+00,1.570796326794896558e+00,-1.973528617526994378e+00,-1.570796326794896558e+00,4.027322907320978751e-01,2.420810844828930053e-01,1.613873896552620313e-01,0.000000000000000000e+00,-1.613873896552619480e-01,0.000000000000000000e+00,1.613873896552620035e-01,-1.305612607759346344e-01,-8.704084051728977478e-02,-0.000000000000000000e+00,8.704084051728973315e-02,-0.000000000000000000e+00,-8.704084051728974702e-02,-1.029191144927647378e-01,-3.260000792901593769e+01,-1.624649268667265289e+01,-1.638585717733135549e+00,-1.845027644259231853e-03,2.993902582771876261e-14
3.296000000000000263e+00,6.117774485114297889e-01,-1.162944694453943217e+00,1.570796326794896558e+00,-1.978647959135849677e+00,-1.570796326794896558e+00,4.078516323409531186e-01,2.378344168719369045e-01,1.585562779146246215e-01,0.000000000000000000e+00,-1.585562779146245660e-01,0.000000000000000000e+00,1.585562779146245938e-01,-1.348313760811666873e-01,-8.988758405411113872e-02,-0.000000000000000000e+00,8.988758405411109709e-02,-0.000000000000000000e+00,-8.988758405411111096e-02,-1.126960036173236257e-01,-3.276531341351473259e+01,-1.621773975568612869e+01,-1.638947351433044597e+00,-1.933575326928750875e-03,1.315632706305226389e-13
3.328000000000000291e+00,6.193184061820801167e-01,-1.157917389340176406e+00,1.570796326794896558e+00,-1.983675264249616488e+00,-1.570796326794896558e+00,4.128789374547200408e-01,2.334534497229778793e-01,1.556356331486519473e-01,0.000000000000000000e+00,-1.556356331486518640e-01,0.000000000000000000e+00,1.556356331486518918e-01,-1.389539936414715682e-01,-9.263599576098106858e-02,-0.000000000000000000e+00,9.263599576098102695e-02,-0.000000000000000000e+00,-9.263599576098104083e-02,-1.223533426798448925e-01,-3.292675376926856501e+01,-1.618916695071271050e+01,-1.639301616838571896e+00,-2.019517273706535054e-03,2.249923417002547962e-13
3.359999999999999876e+00,6.267170880557043633e-01,-1.152984934757760316e+00,1.570796326794896558e+00,-1.988607718832032578e+00,-1.570796326794896558e+00,4.178113920371361867e-01,2.289429978367763241e-01,1.526286652245175679e-01,0.000000000000000000e+00,-1.526286652245175124e-01,0.000000000000000000e+00,1.526286652245175401e-01,-1.429231838992652548e-01,-9.528212259951018837e-02,-0.000000000000000000e+00,9.528212259951014673e-02,-0.000000000000000000e+00,-9.528212259951017449e-02,-1.318674472584068225e-01,-3.308427767943350517e+01,-1.616080594813548643e+01,-1.639647792604502108e+00,-2.102704871923902815e-03,-8.944158421757274817e-14
3.391999999999999904e+00,6.339694301874679860e-01,-1.148150040003251160e+00,1.570796326794896558e+00,-1.993442613586541734e+00,-1.570796326794896558e+00,4.226462867916452870e-01,2.243080657599329231e-01,1.495387105066219580e-01,0.000000000000000000e+00,-1.495387105066219025e-01,0.000000000000000000e+00,1.495387105066219302e-01,-1.467330172969616708e-01,-9.782201153130780369e-02,-0.000000000000000000e+00,9.782201153130776206e-02,-0.000000000000000000e+00,-9.782201153130777593e-02,-1.412146527027655085e-01,-3.323783834090496470e+01,-1.613268792717522260e+01,-1.639985164592731914e+00,-2.182992670916740919e-03,-7.075813471803314199e-15
3.423999999999999932e+00,6.410715318139609264e-01,-1.143415305585589348e+00,1.570796326794896558e+00,-1.998177348004203768e+00,-1.570796326794896558e+00,4.273810212093072103e-01,2.195538477848922587e-01,1.463692318565948669e-01,0.000000000000000000e+00,-1.463692318565947836e-01,0.000000000000000000e+00,1.463692318565948114e-01,-1.503775642769760446e-01,-1.002517095179840528e-01,-0.000000000000000000e+00,1.002517095179840112e-01,-0.000000000000000000e+00,-1.002517095179840251e-01,-1.503713732802267888e-01,-3.338739340689041768e+01,-1.610484347978972863e+01,-1.640313024848714551e+00,-2.260238467424338302e-03,-7.088177152031196586e-14
3.455999999999999961e+00,6.480196614250637310e-01,-1.138783219178187256e+00,1.570796326794896558e+00,-2.002809434411605416e+00,-1.570796326794896558e+00,4.320131076167091355e-01,2.146857279499423399e-01,1.431238186332949303e-01,0.000000000000000000e+00,-1.431238186332948470e-01,0.000000000000000000e+00,1.431238186332949025e-01,-1.538508952817245479e-01,-1.025672635211497125e-01,-0.000000000000000000e+00,1.025672635211496708e-01,-0.000000000000000000e+00,-1.025672635211496847e-01,-1.593141597459413472e-01,-3.353290492541422196e+01,-1.607730254405458581e+01,-1.640630671290243425e+00,-2.334303346992967591e-03,1.049443279231280503e-13
3.487999999999999989e+00,6.548102628358170030e-01,-1.134256151571018556e+00,1.570796326794896558e+00,-2.007336502018774560e+00,-1.570796326794896558e+00,4.365401752238779465e-01,2.097092800392121037e-01,1.398061866928080876e-01,0.000000000000000000e+00,-1.398061866928080321e-01,0.000000000000000000e+00,1.398061866928080599e-01,-1.571470807536206604e-01,-1.047647205024137829e-01,-0.000000000000000000e+00,1.047647205024137412e-01,-0.000000000000000000e+00,-1.047647205024137690e-01,-1.680197550810463569e-01,-3.367433928407246668e+01,-1.605009431152391031e+01,-1.640937410878944736e+00,-2.405051694939275893e-03,2.101376879953206422e-13
3.520000000000000018e+00,6.614399612582861909e-01,-1.129836352622705764e+00,1.570796326794896558e+00,-2.011756300967087352e+00,-1.570796326794896558e+00,4.409599741721907940e-01,2.046302675826753570e-01,1.364201783884502472e-01,0.000000000000000000e+00,-1.364201783884501917e-01,0.000000000000000000e+00,1.364201783884502195e-01,-1.602601911350805264e-01,-1.068401274233870268e-01,-0.000000000000000000e+00,1.068401274233869852e-01,-0.000000000000000000e+00,-1.068401274233870130e-01,-1.764651482233864366e-01,-3.381166714153317088e+01,-1.602324716026611995e+01,-1.641232558827342203e+00,-2.472351210212793589e-03,-2.834366573639796813e-13
3.552000000000000046e+00,6.679055693734298194e-01,-1.125525947212610012e+00,1.570796326794896558e+00,-2.016066706377182882e+00,-1.570796326794896558e+00,4.452703795822865462e-01,1.994546438561462798e-01,1.329697625707642050e-01,0.000000000000000000e+00,-1.329697625707641495e-01,0.000000000000000000e+00,1.329697625707641773e-01,-1.631842968685182915e-01,-1.087895312456788749e-01,-0.000000000000000000e+00,1.087895312456788194e-01,-0.000000000000000000e+00,-1.087895312456788471e-01,-1.846276256591034559e-01,-3.394486336711749175e+01,-1.599678857547874422e+01,-1.641515443092577131e+00,-2.536072872628326261e-03,-9.775803951336625183e-14
3.584000000000000075e+00,6.742040934029653876e-01,-1.121326931192919485e+00,1.570796326794896558e+00,-2.020265722396873187e+00,-1.570796326794896558e+00,4.494693956019769066e-01,1.941885518812829781e-01,1.294590345875220039e-01,0.000000000000000000e+00,-1.294590345875219484e-01,0.000000000000000000e+00,1.294590345875219761e-01,-1.659134683963492118e-01,-1.106089789308994931e-01,-0.000000000000000000e+00,1.106089789308994376e-01,-0.000000000000000000e+00,-1.106089789308994653e-01,-1.924848207267673694e-01,-3.407390697463813467e+01,-1.597074507772065566e+01,-1.641785401716198134e+00,-2.596090908424585671e-03,2.315829395441082806e-13
3.616000000000000103e+00,6.803327391812374891e-01,-1.117241167340738084e+00,1.570796326794896558e+00,-2.024351486249054588e+00,-1.570796326794896558e+00,4.535551594541583076e-01,1.888383244255874838e-01,1.258922162837250169e-01,0.000000000000000000e+00,-1.258922162837249614e-01,0.000000000000000000e+00,1.258922162837249892e-01,-1.684417761609891817e-01,-1.122945174406594776e-01,-0.000000000000000000e+00,1.122945174406594221e-01,-0.000000000000000000e+00,-1.122945174406594498e-01,-2.000147604969336190e-01,-3.419878106715280097e+01,-1.594514215264809920e+01,-1.642041784354249412e+00,-2.652282728065298752e-03,2.701395561434587187e-14
3.648000000000000131e+00,6.862889182270839328e-01,-1.113270381310173862e+00,1.570796326794896558e+00,-2.028322272279619032e+00,-1.570796326794896558e+00,4.575259454847226404e-01,1.834104840024018690e-01,1.222736560016012691e-01,0.000000000000000000e+00,-1.222736560016012136e-01,0.000000000000000000e+00,1.222736560016012414e-01,-1.707632906048519861e-01,-1.138421937365680092e-01,-0.000000000000000000e+00,1.138421937365679537e-01,-0.000000000000000000e+00,-1.138421937365679815e-01,-2.071959101863911634e-01,-3.431947277630543880e+01,-1.592000417917725663e+01,-1.642283950578433904e+00,-2.704528849093050524e-03,-4.013428839253555150e-14
3.680000000000000160e+00,6.920702538157045280e-01,-1.109416157584426799e+00,1.570796326794896558e+00,-2.032176496005366317e+00,-1.570796326794896558e+00,4.613801692104696484e-01,1.779117428709124371e-01,1.186078285806083099e-01,0.000000000000000000e+00,-1.186078285806082544e-01,0.000000000000000000e+00,1.186078285806082822e-01,-1.728720821703532418e-01,-1.152480547802355176e-01,-0.000000000000000000e+00,1.152480547802354621e-01,-0.000000000000000000e+00,-1.152480547802354899e-01,-2.140072149874623908e-01,-3.443597320080841939e+01,-1.589535436272177904e+01,-1.642511279130887569e+00,-2.752712807204756203e-03,-2.627761735825681550e-14
3.712000000000000188e+00,6.976745870505227654e-01,-1.105679935427881233e+00,1.570796326794896558e+00,-2.035912718161911883e+00,-1.570796326794896558e+00,4.651163913670151584e-01,1.723490030361483072e-01,1.148993353574322140e-01,0.000000000000000000e+00,-1.148993353574321724e-01,0.000000000000000000e+00,1.148993353574321863e-01,-1.747622212999069280e-01,-1.165081475332713085e-01,-0.000000000000000000e+00,1.165081475332712529e-01,-0.000000000000000000e+00,-1.165081475332712807e-01,-2.204281392691145591e-01,-3.454827735791174348e+01,-1.587121467401828667e+01,-1.642723160411492023e+00,-2.796721049541057730e-03,-2.312595560492619101e-14
3.744000000000000217e+00,7.030999829350607078e-01,-1.102063004838189197e+00,1.570796326794896558e+00,-2.039529648751603474e+00,-1.570796326794896558e+00,4.687333219567071385e-01,1.667293562489822745e-01,1.111529041659882061e-01,0.000000000000000000e+00,-1.111529041659881506e-01,0.000000000000000000e+00,1.111529041659881784e-01,-1.764277784359300771e-01,-1.176185189572867273e-01,-0.000000000000000000e+00,1.176185189572866857e-01,-0.000000000000000000e+00,-1.176185189572866996e-01,-2.264387031194535493e-01,-3.465638413676897756e+01,-1.584760577952287441e+01,-1.642918997108407053e+00,-2.836442817677503614e-03,-3.567136491648404200e-14
3.776000000000000245e+00,7.083447364447986727e-01,-1.098566502498363961e+00,1.570796326794896558e+00,-2.043026151091428932e+00,-1.570796326794896558e+00,4.722298242965324300e-01,1.610600840061278682e-01,1.073733893374185927e-01,0.000000000000000000e+00,-1.073733893374185372e-01,0.000000000000000000e+00,1.073733893374185649e-01,-1.778628240208361411e-01,-1.185752160138907885e-01,-0.000000000000000000e+00,1.185752160138907330e-01,-0.000000000000000000e+00,-1.185752160138907607e-01,-2.320195161829334274e-01,-3.476029624868894530e+01,-1.582454698631401335e+01,-1.643098210798878744e+00,-2.871770023038224158e-03,2.027649061944085277e-14
3.808000000000000274e+00,7.134073785990474592e-01,-1.095191407728864696e+00,1.570796326794896558e+00,-2.046401245860927975e+00,-1.570796326794896558e+00,4.756049190660316395e-01,1.553486575501421274e-01,1.035657717000947609e-01,0.000000000000000000e+00,-1.035657717000947192e-01,0.000000000000000000e+00,1.035657717000947331e-01,-1.790614284970406533e-01,-1.193742856646937828e-01,-0.000000000000000000e+00,1.193742856646937273e-01,-0.000000000000000000e+00,-1.193742856646937550e-01,-2.371518087881437364e-01,-3.486002019479761316e+01,-1.580205618248455224e+01,-1.643260237139618107e+00,-2.902597113177659335e-03,-7.530704926513394560e-14
3.839999999999999858e+00,7.182866825328120264e-01,-1.091938538439688466e+00,1.570796326794896558e+00,-2.049654115150104428e+00,-1.570796326794896558e+00,4.788577883552080361e-01,1.496027378694247956e-01,9.973515857961653963e-02,0.000000000000000000e+00,-9.973515857961649800e-02,0.000000000000000000e+00,9.973515857961651188e-02,-1.800176623069587867e-01,-1.200117748713058763e-01,-0.000000000000000000e+00,1.200117748713058347e-01,-0.000000000000000000e+00,-1.200117748713058624e-01,-2.418174603459400940e-01,-3.495556623150164199e+01,-1.578014977534392393e+01,-1.643404529167089345e+00,-2.928820929191382205e-03,5.002338425036805012e-14
3.871999999999999886e+00,7.229816695686601680e-01,-1.088808547082456446e+00,1.570796326794896558e+00,-2.052784106507336670e+00,-1.570796326794896558e+00,4.819877797124400565e-01,1.438301756982178492e-01,9.588678379881190872e-02,0.000000000000000000e+00,-9.588678379881186709e-02,0.000000000000000000e+00,9.588678379881188096e-02,-1.807255958930045203e-01,-1.204837305953363746e-01,-0.000000000000000000e+00,1.204837305953363191e-01,-0.000000000000000000e+00,-1.204837305953363469e-01,-2.459990250024137182e-01,-3.504694834754284472e+01,-1.575884264858752104e+01,-1.643530553798057126e+00,-2.950340564267622725e-03,6.624467620388793663e-14
3.903999999999999915e+00,7.274916152885879672e-01,-1.085801916602504580e+00,1.570796326794896558e+00,-2.055790736987288536e+00,-1.570796326794896558e+00,4.849944101923919781e-01,1.380390115166078291e-01,9.202600767773856660e-02,0.000000000000000000e+00,-9.202600767773852497e-02,0.000000000000000000e+00,9.202600767773853885e-02,-1.811792996975935821e-01,-1.207861997983957353e-01,-0.000000000000000000e+00,1.207861997983956936e-01,-0.000000000000000000e+00,-1.207861997983957075e-01,-2.496797545853013944e-01,-3.513418424971459331e+01,-1.573814809383254243e+01,-1.643637799662065690e+00,-2.967057215692396176e-03,9.875021842366004067e-14
3.935999999999999943e+00,7.318160556058902477e-01,-1.082918956390969800e+00,1.570796326794896558e+00,-2.058673697198823316e+00,-1.570796326794896558e+00,4.878773704039267578e-01,1.322374755505218158e-01,8.815831703368123828e-02,0.000000000000000000e+00,-8.815831703368119665e-02,0.000000000000000000e+00,8.815831703368121053e-02,-1.813728441631414223e-01,-1.209152294420942908e-01,-0.000000000000000000e+00,1.209152294420942492e-01,-0.000000000000000000e+00,-1.209152294420942630e-01,-2.528436187626424969e-01,-3.521729534652617133e+01,-1.571807777961692487e+01,-1.643725768515890584e+00,-2.978874038392174267e-03,5.791802790520909402e-14
3.967999999999999972e+00,7.359547928370212544e-01,-1.080159798236882240e+00,1.570796326794896558e+00,-2.061432855352910654e+00,-1.570796326794896558e+00,4.906365285580141511e-01,1.264339877717304550e-01,8.428932518115364592e-02,0.000000000000000000e+00,-8.428932518115361816e-02,0.000000000000000000e+00,8.428932518115363204e-02,-1.813002997320626308e-01,-1.208668664880417631e-01,-0.000000000000000000e+00,1.208668664880417215e-01,-0.000000000000000000e+00,-1.208668664880417493e-01,-2.554753224854253713e-01,-3.529630676203828443e+01,-1.569864168981145092e+01,-1.643793982615083138e+00,-2.985695999114937500e-03,-2.814789532595683597e-14
4.000000000000000000e+00,7.399079017734684349e-01,-1.077524392279250787e+00,1.570796326794896558e+00,-2.064068261310541885e+00,-1.570796326794896558e+00,4.932719345156456048e-01,1.206371578978478881e-01,8.042477193189860596e-02,0.000000000000000000e+00,-8.042477193189857820e-02,0.000000000000000000e+00,8.042477193189859208e-02,-1.809557368467722416e-01,-1.206371578978481796e-01,-0.000000000000000000e+00,1.206371578978481379e-01,-0.000000000000000000e+00,-1.206371578978481657e-01,-2.575603206316296467e-01,-3.537124733258944786e+01,-1.567984807962278992e+01,-1.643841981009042552e+00,-2.987429734668804737e-03,6.941792802294934254e-14
4.032000000000000028e+00,7.436757357536135649e-01,-1.075012502959153959e+00,1.570796326794896558e+00,-2.066580150630638713e+00,-1.570796326794896558e+00,4.957838238357423766e-01,1.148557853923298372e-01,7.657052359488657201e-02,0.000000000000000000e+00,-7.657052359488653037e-02,0.000000000000000000e+00,7.657052359488654425e-02,-1.803332259496846224e-01,-1.202221506331230955e-01,-0.000000000000000000e+00,1.202221506331230538e-01,-0.000000000000000000e+00,-1.202221506331230816e-01,-2.590848298681786011e-01,-3.544214963534116691e+01,-1.566170343871308290e+01,-1.643869319695267839e+00,-2.983983409900757382e-03,1.995888834986055531e-14
4.064000000000000057e+00,7.472589327346069732e-01,-1.072623704971825243e+00,1.570796326794896558e+00,-2.068968948617967651e+00,-1.570796326794896558e+00,4.981726218230712599e-01,1.090988594644745208e-01,7.273257297631635643e-02,0.000000000000000000e+00,-7.273257297631632867e-02,0.000000000000000000e+00,7.273257297631634255e-02,-1.794268374832157509e-01,-1.196178916554771765e-01,-0.000000000000000000e+00,1.196178916554771210e-01,-0.000000000000000000e+00,-1.196178916554771487e-01,-2.600358376584814835e-01,-3.550905001592569477e+01,-1.564421244636448272e+01,-1.643875574915832249e+00,-2.975266586880405666e-03,5.163482014090457410e-14
4.096000000000000085e+00,7.506584213642251147e-01,-1.070357379218746408e+00,1.570796326794896558e+00,-2.071235274371046486e+00,-1.570796326794896558e+00,5.004389475761500394e-01,1.033755590694242082e-01,6.891703937961614346e-02,0.000000000000000000e+00,-6.891703937961611570e-02,0.000000000000000000e+00,6.891703937961612958e-02,-1.782306418897803557e-01,-1.188204279265202418e-01,-0.000000000000000000e+00,1.188204279265202001e-01,-0.000000000000000000e+00,-1.188204279265202279e-01,-2.604011083781879732e-01,-3.557198862685837071e+01,-1.562737792706488094e+01,-1.643860340358707761e+00,-2.961190097174087616e-03,3.066162551435818952e-14
4.128000000000000114e+00,7.538754270527459056e-01,-1.068212708759732621e+00,1.570796326794896558e+00,-2.073379944830060495e+00,-1.570796326794896558e+00,5.025836180351639371e-01,9.769525290816423457e-02,6.513016860544283693e-02,0.000000000000000000e+00,-6.513016860544280917e-02,0.000000000000000000e+00,6.513016860544282305e-02,-1.767387096117933043e-01,-1.178258064078622214e-01,-0.000000000000000000e+00,1.178258064078621659e-01,-0.000000000000000000e+00,-1.178258064078621936e-01,-2.601691864454795389e-01,-3.563100948343382157e+01,-1.561120081915946223e+01,-1.643823225365035778e+00,-2.941665921161563252e-03,-8.643715292542730648e-15
4.160000000000000142e+00,7.569114780448096269e-01,-1.066188674765023325e+00,1.570796326794896558e+00,-2.075403978824769347e+00,-1.570796326794896558e+00,5.046076520298730106e-01,9.206749942751944749e-02,6.137833295167963860e-02,0.000000000000000000e+00,-6.137833295167961084e-02,0.000000000000000000e+00,6.137833295167962472e-02,-1.749451110916696306e-01,-1.166300740611131009e-01,-0.000000000000000000e+00,1.166300740611130454e-01,-0.000000000000000000e+00,-1.166300740611130732e-01,-2.593293963848853356e-01,-3.568616052961858287e+01,-1.559568013582648760e+01,-1.643763861959670391e+00,-2.916607077829701765e-03,-3.219888363282343262e-14
4.192000000000000171e+00,7.597684114912890418e-01,-1.064284052467370456e+00,1.570796326794896558e+00,-2.077308601122422438e+00,-1.570796326794896558e+00,5.065122743275259909e-01,8.650204682016146562e-02,5.766803121344098171e-02,0.000000000000000000e+00,-5.766803121344095395e-02,0.000000000000000000e+00,5.766803121344096783e-02,-1.728439167718243408e-01,-1.152292778478829216e-01,-0.000000000000000000e+00,1.152292778478828661e-01,-0.000000000000000000e+00,-1.152292778478828938e-01,-2.578718396846692573e-01,-3.573749369900641426e+01,-1.558081292925262673e+01,-1.643681895827546535e+00,-2.885927520895247012e-03,3.309619512958102587e-15
4.224000000000000199e+00,7.624483795211601800e-01,-1.062497407114122883e+00,1.570796326794896558e+00,-2.079095246475669789e+00,-1.570796326794896558e+00,5.082989196807734533e-01,8.100883302460082369e-02,5.400588868306722273e-02,0.000000000000000000e+00,-5.400588868306719498e-02,0.000000000000000000e+00,5.400588868306720886e-02,-1.704291970946716084e-01,-1.136194647297810861e-01,-0.000000000000000000e+00,1.136194647297810445e-01,-0.000000000000000000e+00,-1.136194647297810723e-01,-2.557873883141059124e-01,-3.578506502377437215e+01,-1.556659426144377179e+01,-1.643576993209585835e+00,-2.849542043843371255e-03,-5.618741221316210519e-15
4.256000000000000227e+00,7.649538553133583552e-01,-1.060827089919324173e+00,1.570796326794896558e+00,-2.080765563670468499e+00,-1.570796326794896558e+00,5.099692368755721628e-01,7.559798572519456361e-02,5.039865715012972064e-02,0.000000000000000000e+00,-5.039865715012969982e-02,0.000000000000000000e+00,5.039865715012970676e-02,-1.676950225026291597e-01,-1.117966816684194675e-01,-0.000000000000000000e+00,1.117966816684194120e-01,-0.000000000000000000e+00,-1.117966816684194398e-01,-2.530676747071134436e-01,-3.582893471278591591e+01,-1.555301716697385750e+01,-1.643448836351427467e+00,-2.807366194669587683e-03,3.609027580854388264e-14
4.288000000000000256e+00,7.672876391686548336e-01,-1.059271234015793262e+00,1.570796326794896558e+00,-2.082321419573999854e+00,-1.570796326794896558e+00,5.115250927791031854e-01,7.027982235213950379e-02,4.685321490142634743e-02,0.000000000000000000e+00,-4.685321490142632661e-02,0.000000000000000000e+00,4.685321490142633355e-02,-1.646354634381088644e-01,-1.097569756254059281e-01,-0.000000000000000000e+00,1.097569756254058865e-01,-0.000000000000000000e+00,-1.097569756254059004e-01,-2.497050780296241335e-01,-3.586916727419449558e+01,-1.554007262746805651e+01,-1.643297124919198327e+00,-2.759316197998322104e-03,1.136345761889763817e-15
4.320000000000000284e+00,7.694528645815216228e-01,-1.057827750407215550e+00,1.570796326794896558e+00,-2.083764903182577566e+00,-1.570796326794896558e+00,5.129685763876810078e-01,6.506485008147532001e-02,4.337656672098354899e-02,0.000000000000000000e+00,-4.337656672098352817e-02,0.000000000000000000e+00,4.337656672098354205e-02,-1.612445903435267003e-01,-1.074963935623511474e-01,-0.000000000000000000e+00,1.074963935623511058e-01,-0.000000000000000000e+00,-1.074963935623511196e-01,-2.456927064721827758e-01,-3.590583163463141858e+01,-1.552774954206983971e+01,-1.643121575189177674e+00,-2.705308884322315914e-03,1.426411529060038587e-14
4.352000000000000313e+00,7.714530043119957048e-01,-1.056494323920232681e+00,1.570796326794896558e+00,-2.085098329669560435e+00,-1.570796326794896558e+00,5.143020028746637662e-01,5.996376583508838953e-02,3.997584389005893329e-02,0.000000000000000000e+00,-3.997584389005891248e-02,0.000000000000000000e+00,3.997584389005892636e-02,-1.575164736612985616e-01,-1.050109824408657078e-01,-0.000000000000000000e+00,1.050109824408656661e-01,-0.000000000000000000e+00,-1.050109824408656939e-01,-2.410243753194615257e-01,-3.593900127458982752e+01,-1.551603469309548444e+01,-1.642921920216579013e+00,-2.645261627181952954e-03,1.198463829304360222e-15
4.384000000000000341e+00,7.732918764575509307e-01,-1.055268409156529197e+00,1.570796326794896558e+00,-2.086324244433263697e+00,-1.570796326794896558e+00,5.155279176383672501e-01,5.498745628070159097e-02,3.665830418713440092e-02,0.000000000000000000e+00,-3.665830418713438704e-02,0.000000000000000000e+00,3.665830418713439398e-02,-1.534451838338381502e-01,-1.022967892225587760e-01,-0.000000000000000000e+00,1.022967892225587344e-01,-0.000000000000000000e+00,-1.022967892225587483e-01,-2.356945804873381844e-01,-3.596875437155571831e+01,-1.550491272524949160e+01,-1.642697905633273336e+00,-2.579092283989943384e-03,-2.503648581727041570e-15
4.416000000000000369e+00,7.749736505249552598e-01,-1.054147226444926311e+00,1.570796326794896558e+00,-2.087445427144866805e+00,-1.570796326794896558e+00,5.166491003499701362e-01,5.014699783188620447e-02,3.343133188792414556e-02,0.000000000000000000e+00,-3.343133188792412475e-02,0.000000000000000000e+00,3.343133188792413168e-02,-1.490247913035623040e-01,-9.934986086904154523e-02,-0.000000000000000000e+00,9.934986086904150360e-02,-0.000000000000000000e+00,-9.934986086904151747e-02,-2.296984672069515288e-01,-3.599517396378096379e+01,-1.549436611487601034e+01,-1.642449296707450657e+00,-2.506719142077177415e-03,8.198856115075444271e-15
4.448000000000000398e+00,7.765028535021524236e-01,-1.053127757793461461e+00,1.570796326794896558e+00,-2.088464895796331433e+00,-1.570796326794896558e+00,5.176685690014349861e-01,4.545365664805132988e-02,3.030243776536755904e-02,0.000000000000000000e+00,-3.030243776536754516e-02,0.000000000000000000e+00,3.030243776536755210e-02,-1.442493665128838087e-01,-9.616624434192254378e-02,-0.000000000000000000e+00,9.616624434192250215e-02,-0.000000000000000000e+00,-9.616624434192252990e-02,-2.230317934947057268e-01,-3.601834811385019464e+01,-1.548437514444265162e+01,-1.642175866806120155e+00,-2.428060865883615790e-03,4.291620736417744738e-15
4.480000000000000426e+00,7.778843759301147243e-01,-1.052206742841486520e+00,1.570796326794896558e+00,-2.089385910748306152e+00,-1.570796326794896558e+00,5.185895839534098162e-01,4.091888863445283797e-02,2.727925908963522994e-02,0.000000000000000000e+00,-2.727925908963521606e-02,0.000000000000000000e+00,2.727925908963522300e-02,-1.391129799042186144e-01,-9.274198660281240958e-02,-0.000000000000000000e+00,9.274198660281238182e-02,-0.000000000000000000e+00,-9.274198660281239570e-02,-2.156908880225209268e-01,-3.603837009313501483e+01,-1.547491787188520185e+01,-1.641877407045745807e+00,-2.343036799499635930e-03,9.693491885079608016e-15
4.512000000000000455e+00,7.791234779747212569e-01,-1.051380674811748905e+00,1.570796326794896558e+00,-2.090211978778043989e+00,-1.570796326794896558e+00,5.194156519831475416e-01,3.655433944218609843e-02,2.436955962812406562e-02,0.000000000000000000e+00,-2.436955962812405521e-02,0.000000000000000000e+00,2.436955962812406215e-02,-1.336097019199826152e-01,-8.907313461332175275e-02,-0.000000000000000000e+00,8.907313461332171112e-02,-0.000000000000000000e+00,-8.907313461332173887e-02,-2.076726019706043591e-01,-3.605533857058402702e+01,-1.546597010824664054e+01,-1.641553717323628092e+00,-2.251565135174818030e-03,-2.505167089278576616e-15
4.544000000000000483e+00,7.802257954986119293e-01,-1.050645796462488679e+00,1.570796326794896558e+00,-2.090946857127304437e+00,-1.570796326794896558e+00,5.201505303324078788e-01,3.237184446819489636e-02,2.158122964546327002e-02,0.000000000000000000e+00,-2.158122964546325961e-02,0.000000000000000000e+00,2.158122964546326308e-02,-1.277336030025904290e-01,-8.515573533506029524e-02,-0.000000000000000000e+00,8.515573533506025361e-02,-0.000000000000000000e+00,-8.515573533506028137e-02,-1.989742544273487845e-01,-3.606935781062524882e+01,-1.545750538685670072e+01,-1.641204608566657619e+00,-2.153566405849200588e-03,3.939769770713473179e-15
4.576000000000000512e+00,7.811973461330702362e-01,-1.049998096039516327e+00,1.570796326794896558e+00,-2.091594557550276789e+00,-1.570796326794896558e+00,5.207982307553801204e-01,2.838342885525641304e-02,1.892228590350427883e-02,0.000000000000000000e+00,-1.892228590350427189e-02,0.000000000000000000e+00,1.892228590350427536e-02,-1.214787535944552993e-01,-8.098583572963688471e-02,-0.000000000000000000e+00,8.098583572963684307e-02,-0.000000000000000000e+00,-8.098583572963687083e-02,-1.895935708694873045e-01,-3.608053788852460286e+01,-1.544949493607350099e+01,-1.640829901615317832e+00,-2.048959863923593624e-03,-2.778339636163414594e-15
4.608000000000000540e+00,7.820445353498794994e-01,-1.049433303228310077e+00,1.570796326794896558e+00,-2.092159350361482595e+00,-1.570796326794896558e+00,5.213630235665862589e-01,2.460130749199789663e-02,1.640087166133193455e-02,0.000000000000000000e+00,-1.640087166133192761e-02,0.000000000000000000e+00,1.640087166133193108e-02,-1.148392241379945361e-01,-7.655948275866303332e-02,-0.000000000000000000e+00,7.655948275866300556e-02,-0.000000000000000000e+00,-7.655948275866301944e-02,-1.795286142411384456e-01,-3.608899490170750113e+01,-1.544190764381349901e+01,-1.640429420244504666e+00,-1.937665178519697596e-03,-2.052869754513771196e-15
4.639999999999999680e+00,7.827741625331922082e-01,-1.048946885106101679e+00,1.570796326794896558e+00,-2.092645768483690993e+00,-1.570796326794896558e+00,5.218494416887947684e-01,2.103788501288668053e-02,1.402525667525778875e-02,0.000000000000000000e+00,-1.402525667525778355e-02,0.000000000000000000e+00,1.402525667525778702e-02,-1.078090850756217717e-01,-7.187272338374785241e-02,-0.000000000000000000e+00,7.187272338374782465e-02,-0.000000000000000000e+00,-7.187272338374783853e-02,-1.687777081313211192e-01,-3.609485120245705048e+01,-1.543471003442508582e+01,-1.640002999978662723e+00,-1.819601986810199211e-03,3.945420966072958262e-16
4.671999999999999709e+00,7.833934270513939202e-01,-1.048534042093967056e+00,1.570796326794896558e+00,-2.093058611495825616e+00,-1.570796326794896558e+00,5.222622847009292801e-01,1.770575579823517598e-02,1.180383719882345181e-02,0.000000000000000000e+00,-1.180383719882344661e-02,0.000000000000000000e+00,1.180383719882344834e-02,-1.003824068497529559e-01,-6.692160456650197986e-02,-0.000000000000000000e+00,6.692160456650195210e-02,-0.000000000000000000e+00,-6.692160456650196598e-02,-1.573393515383823271e-01,-3.609823562411570208e+01,-1.542786622446150169e+01,-1.639550475029671217e+00,-1.694689783206576941e-03,-1.003308941526952814e-15
4.703999999999999737e+00,7.839099343289779309e-01,-1.048189703908911197e+00,1.570796326794896558e+00,-2.093402949680881697e+00,-1.570796326794896558e+00,5.226066228859852503e-01,1.461770397419639642e-02,9.745135982797598767e-03,0.000000000000000000e+00,-9.745135982797595298e-03,0.000000000000000000e+00,9.745135982797597032e-03,-9.255325990280313664e-02,-6.170217326853543599e-02,-0.000000000000000000e+00,6.170217326853540823e-02,-0.000000000000000000e+00,-6.170217326853542211e-02,-1.452121246987462255e-01,-3.609928372301327926e+01,-1.542133789709299307e+01,-1.639071683843321914e+00,-1.562847787987906500e-03,-2.120765291588086216e-16
4.735999999999999766e+00,7.843317019184098404e-01,-1.047908525515956590e+00,1.570796326794896558e+00,-2.093684128073836526e+00,-1.570796326794896558e+00,5.228878012789398566e-01,1.178670341276232165e-02,7.857802275174881682e-03,0.000000000000000000e+00,-7.857802275174878212e-03,0.000000000000000000e+00,7.857802275174879947e-03,-8.431571467718601554e-02,-5.621047645145735294e-02,-0.000000000000000000e+00,5.621047645145732519e-02,-0.000000000000000000e+00,-5.621047645145733906e-02,-1.323945854562992019e-01,-3.609813801961966107e+01,-1.541508424962918511e+01,-1.638566458424401073e+00,-1.423994791731782172e-03,1.373627645821894483e-15
4.767999999999999794e+00,7.846671655719877903e-01,-1.047684883080238105e+00,1.570796326794896558e+00,-2.093907770509555011e+00,-1.570796326794896558e+00,5.231114437146584528e-01,9.225917731776139830e-03,6.150611821184094087e-03,0.000000000000000000e+00,-6.150611821184091485e-03,0.000000000000000000e+00,6.150611821184093220e-03,-7.566384161531705677e-02,-5.044256107687804247e-02,-0.000000000000000000e+00,5.044256107687802165e-02,-0.000000000000000000e+00,-5.044256107687802859e-02,-1.188851556481304861e-01,-3.609494824089107823e+01,-1.540906195743482954e+01,-1.638034632242894917e+00,-1.278048972653798160e-03,1.577077940776745832e-16
4.799999999999999822e+00,7.849251853137170221e-01,-1.047512869919085210e+00,1.570796326794896558e+00,-2.094079783670707684e+00,-1.570796326794896558e+00,5.232834568758112370e-01,6.948700294916635746e-03,4.632466863277757453e-03,0.000000000000000000e+00,-4.632466863277755718e-03,0.000000000000000000e+00,4.632466863277756586e-03,-6.659171115961308451e-02,-4.439447410640873226e-02,-0.000000000000000000e+00,4.439447410640871838e-02,-0.000000000000000000e+00,-4.439447410640872532e-02,-1.046819969896796848e-01,-3.608987157358835418e+01,-1.540322512148493672e+01,-1.637476028693286345e+00,-1.124927683582472053e-03,2.462650654580830977e-17
4.831999999999999851e+00,7.851150515111708916e-01,-1.047386292454115964e+00,1.570796326794896558e+00,-2.094206361135676708e+00,-1.570796326794896558e+00,5.234100343407804834e-01,4.968594211708792646e-03,3.312396141139195387e-03,0.000000000000000000e+00,-3.312396141139194086e-03,0.000000000000000000e+00,3.312396141139194953e-03,-5.709339375248514981e-02,-3.806226250165677116e-02,-0.000000000000000000e+00,3.806226250165675035e-02,-0.000000000000000000e+00,-3.806226250165676422e-02,-8.978287595481999894e-02,-3.608307290245264198e+01,-1.539752521724186352e+01,-1.636890459936632736e+00,-9.645472058741008138e-04,8.896176090321715122e-17
4.863999999999999879e+00,7.852464909473633181e-01,-1.047298666163321013e+00,1.570796326794896558e+00,-2.094293987426472103e+00,-1.570796326794896558e+00,5.234976606315755454e-01,3.299332337519888213e-03,2.199554891679925475e-03,0.000000000000000000e+00,-2.199554891679924608e-03,0.000000000000000000e+00,2.199554891679925041e-03,-4.716295983635316463e-02,-3.144197322423544771e-02,-0.000000000000000000e+00,3.144197322423543384e-02,-0.000000000000000000e+00,-3.144197322423544078e-02,-7.418501716525800760e-02,-3.607472506288731751e+01,-1.539191102912572973e+01,-1.636277726520240616e+00,-7.968224677311701830e-04,3.927455007908695453e-18
4.895999999999999908e+00,7.853296728926151271e-01,-1.047243211533153140e+00,1.570796326794896558e+00,-2.094349442056639976e+00,-1.570796326794896558e+00,5.235531152617434181e-01,1.954837273557815357e-03,1.303224849038543860e-03,0.000000000000000000e+00,-1.303224849038543210e-03,0.000000000000000000e+00,1.303224849038543427e-03,-3.679447985362770818e-02,-2.452965323575180892e-02,-0.000000000000000000e+00,2.452965323575179851e-02,-0.000000000000000000e+00,-2.452965323575180545e-02,-5.788494482898232790e-02,-3.606500907667004441e+01,-1.538632858893585897e+01,-1.635637608526149034e+00,-6.216667249582102104e-04,3.365793371055933319e-18
4.927999999999999936e+00,7.853752151764176181e-01,-1.047212850010617924e+00,1.570796326794896558e+00,-2.094379803579174748e+00,-1.570796326794896558e+00,5.235834767842784121e-01,9.492213668783413844e-04,6.328142445855609952e-04,0.000000000000000000e+00,-6.328142445855607784e-04,0.000000000000000000e+00,6.328142445855608868e-04,-2.598202424672605912e-02,-1.732134949781737390e-02,-0.000000000000000000e+00,1.732134949781736696e-02,-0.000000000000000000e+00,-1.732134949781737043e-02,-4.087831180025295469e-02,-3.605411439106518401e+01,-1.538072109321369396e+01,-1.634969865290715418e+00,-4.389912026852528168e-04,-7.611776511571610842e-18
4.959999999999999964e+00,7.853941902592983526e-01,-1.047200199955364397e+00,1.570796326794896558e+00,-2.094392453634428719e+00,-1.570796326794896558e+00,5.235961268395321611e-01,2.967867103733859294e-04,1.978578069155906467e-04,0.000000000000000000e+00,-1.978578069155905654e-04,0.000000000000000000e+00,1.978578069155906196e-04,-1.471966345806369203e-02,-9.813108972042463088e-03,-0.000000000000000000e+00,9.813108972042457884e-03,-0.000000000000000000e+00,-9.813108972042459618e-03,-2.315971587364192008e-02,-3.604223910153396560e+01,-1.537502882673327775e+01,-1.634274229119931032e+00,-2.487046973449131334e-04,-1.265527431925422900e-19
4.991999999999999993e+00,7.853981313046968227e-01,-1.047197572591765269e+00,1.570796326794896558e+00,-2.094395080998027403e+00,-1.570796326794896558e+00,5.235987542031311781e-01,1.202514278329953642e-05,8.016761855533025406e-06,0.000000000000000000e+00,-8.016761855533022018e-06,0.000000000000000000e+00,8.016761855533023712e-06,-3.001467930055199806e-03,-2.000978620036800160e-03,-0.000000000000000000e+00,2.000978620036799292e-03,-0.000000000000000000e+00,-2.000978620036799726e-03,-4.722502973148241627e-03,-3.602959017231243877e+01,-1.536918905994048501e+01,-1.633550400453626095e+00,-5.071313901413307070e-05,1.322273986415128971e-19
5.000000000000000000e+00,7.853981633974482790e-01,-1.047197551196597631e+00,1.570796326794896558e+00,-2.094395102393195263e+00,-1.570796326794896558e+00,5.235987755982988157e-01,0.000000000000000000e+00,0.000000000000000000e+00,0.000000000000000000e+00,-0.000000000000000000e+00,0.000000000000000000e+00,0.000000000000000000e+00,0.000000000000000000e+00,0.000000000000000000e+00,0.000000000000000000e+00,-0.000000000000000000e+00,0.000000000000000000e+00,0.000000000000000000e+00,0.000000000000000000e+00,-3.602633217454354053e+01,-1.536769842545026954e+01,-1.633364999875652535e+00,0.000000000000000000e+00,0.000000000000000000e+00
